asset_id,asset_type,current_module,current_position,current_title,source_file,content_hash,diagram_count,code_block_count,exercise_count,simulator_id,case_study_subject,current_references,claimed_author,creation_evidence,fanout_title_similarity,fanout_position_similarity,fanout_structure_similarity,fanout_example_similarity,fanout_diagram_similarity,fanout_exercise_similarity,external_source_overlap,risk_level,required_action,reviewer,review_date,review_notes
requirements-clarification,lesson,learning-foundations,01.1,"Requirements clarification",data/content/m01-foundations.js,b24fcce86cae,0,0,3,N/A,"N/A",5,Ved Gupta / AI synthesis,commit:9b59485,1.0,1.0,0.9,0.3,0.2,0.3,LOW,RED,REORGANIZE_INTO_TRACKS_AND_ADD_PROVENANCE,Implementation Agent,2026-10-03,"Requires relocation into new 6-Track competency architecture to eliminate 1:1 Fanout taxonomy risk while retaining rich original technical prose."
logical-system-design,lesson,learning-foundations,01.2,"Logical system design",data/content/m01-foundations.js,31ff8d7d7f18,1,1,3,N/A,"N/A",4,Ved Gupta / AI synthesis,commit:9b59485,1.0,1.0,0.9,0.3,0.2,0.3,LOW,RED,REORGANIZE_INTO_TRACKS_AND_ADD_PROVENANCE,Implementation Agent,2026-10-03,"Requires relocation into new 6-Track competency architecture to eliminate 1:1 Fanout taxonomy risk while retaining rich original technical prose."
non-functional-requirements,lesson,learning-foundations,01.3,"Non-functional requirements",data/content/m01-foundations.js,063c27f2088a,0,1,3,N/A,"N/A",5,Ved Gupta / AI synthesis,commit:9b59485,1.0,1.0,0.9,0.3,0.2,0.3,LOW,RED,REORGANIZE_INTO_TRACKS_AND_ADD_PROVENANCE,Implementation Agent,2026-10-03,"Requires relocation into new 6-Track competency architecture to eliminate 1:1 Fanout taxonomy risk while retaining rich original technical prose."
system-design-tradeoffs,lesson,learning-foundations,01.4,"System design tradeoffs",data/content/m01-foundations.js,829023a66abe,0,0,3,N/A,"N/A",5,Ved Gupta / AI synthesis,commit:9b59485,1.0,1.0,0.9,0.3,0.2,0.3,LOW,RED,REORGANIZE_INTO_TRACKS_AND_ADD_PROVENANCE,Implementation Agent,2026-10-03,"Requires relocation into new 6-Track competency architecture to eliminate 1:1 Fanout taxonomy risk while retaining rich original technical prose."
availability-durability-consistency-cost,lesson,learning-foundations,01.5,"Availability, durability, consistency, cost",data/content/m01-foundations.js,48f119084970,0,0,3,N/A,"N/A",5,Ved Gupta / AI synthesis,commit:9b59485,1.0,1.0,0.9,0.3,0.2,0.3,LOW,RED,REORGANIZE_INTO_TRACKS_AND_ADD_PROVENANCE,Implementation Agent,2026-10-03,"Requires relocation into new 6-Track competency architecture to eliminate 1:1 Fanout taxonomy risk while retaining rich original technical prose."
back-of-the-envelope-capacity-planning,lesson,learning-foundations,01.6,"Back-of-the-envelope capacity planning",data/content/m01-foundations.js,f2bd7013f5fd,0,0,3,N/A,"N/A",4,Ved Gupta / AI synthesis,commit:9b59485,1.0,1.0,0.9,0.3,0.2,0.3,LOW,RED,REORGANIZE_INTO_TRACKS_AND_ADD_PROVENANCE,Implementation Agent,2026-10-03,"Requires relocation into new 6-Track competency architecture to eliminate 1:1 Fanout taxonomy risk while retaining rich original technical prose."
concurrency-vs-parallelism,lesson,learning-foundations,01.7,"How a server handles many requests",data/content/m01-foundations.js,c13fa1d49c43,0,0,3,N/A,"N/A",4,Ved Gupta / AI synthesis,commit:9b59485,1.0,1.0,0.9,0.3,0.2,0.3,LOW,RED,REORGANIZE_INTO_TRACKS_AND_ADD_PROVENANCE,Implementation Agent,2026-10-03,"Requires relocation into new 6-Track competency architecture to eliminate 1:1 Fanout taxonomy risk while retaining rich original technical prose."
horizontal-vs-vertical-scaling,lesson,learning-foundations,01.8,"Horizontal vs vertical scaling",data/content/m01-foundations.js,e3b0c44298fc,1,0,3,N/A,"N/A",3,Ved Gupta / AI synthesis,commit:9b59485,1.0,1.0,0.9,0.3,0.2,0.3,LOW,RED,REORGANIZE_INTO_TRACKS_AND_ADD_PROVENANCE,Implementation Agent,2026-10-03,"Requires relocation into new 6-Track competency architecture to eliminate 1:1 Fanout taxonomy risk while retaining rich original technical prose."
monolith-vs-microservices,lesson,learning-foundations,01.9,"Monolith vs microservices",data/content/m01-foundations.js,e3b0c44298fc,0,0,3,N/A,"N/A",4,Ved Gupta / AI synthesis,commit:9b59485,1.0,1.0,0.9,0.3,0.2,0.3,LOW,RED,REORGANIZE_INTO_TRACKS_AND_ADD_PROVENANCE,Implementation Agent,2026-10-03,"Requires relocation into new 6-Track competency architecture to eliminate 1:1 Fanout taxonomy risk while retaining rich original technical prose."
repository-pattern,lesson,learning-foundations,01.10,"Repository pattern",data/content/m01-foundations.js,e3b0c44298fc,0,0,3,N/A,"N/A",4,Ved Gupta / AI synthesis,commit:9b59485,1.0,1.0,0.9,0.3,0.2,0.3,LOW,RED,REORGANIZE_INTO_TRACKS_AND_ADD_PROVENANCE,Implementation Agent,2026-10-03,"Requires relocation into new 6-Track competency architecture to eliminate 1:1 Fanout taxonomy risk while retaining rich original technical prose."
extensible-data-modeling,lesson,learning-foundations,01.11,"Extensible data modeling",data/content/m01-foundations.js,e3b0c44298fc,0,0,3,N/A,"N/A",4,Ved Gupta / AI synthesis,commit:9b59485,1.0,1.0,0.9,0.3,0.2,0.3,LOW,RED,REORGANIZE_INTO_TRACKS_AND_ADD_PROVENANCE,Implementation Agent,2026-10-03,"Requires relocation into new 6-Track competency architecture to eliminate 1:1 Fanout taxonomy risk while retaining rich original technical prose."
cost-aware-architecture,lesson,learning-foundations,01.12,"Cost-aware architecture",data/content/m01-foundations.js,e3b0c44298fc,0,0,3,N/A,"N/A",4,Ved Gupta / AI synthesis,commit:9b59485,1.0,1.0,0.9,0.3,0.2,0.3,LOW,RED,REORGANIZE_INTO_TRACKS_AND_ADD_PROVENANCE,Implementation Agent,2026-10-03,"Requires relocation into new 6-Track competency architecture to eliminate 1:1 Fanout taxonomy risk while retaining rich original technical prose."
when-not-to-add-infrastructure,lesson,learning-foundations,01.13,"When not to add infrastructure",data/content/m01-foundations.js,9d0c30385f28,0,0,3,N/A,"N/A",4,Ved Gupta / AI synthesis,commit:9b59485,1.0,1.0,0.9,0.3,0.2,0.3,LOW,RED,REORGANIZE_INTO_TRACKS_AND_ADD_PROVENANCE,Implementation Agent,2026-10-03,"Requires relocation into new 6-Track competency architecture to eliminate 1:1 Fanout taxonomy risk while retaining rich original technical prose."
api-design-contracts,lesson,learning-apis-services,02.1,"API design contracts",data/content/m02-apis-services.js,e3b0c44298fc,0,0,3,N/A,"N/A",6,Ved Gupta / AI synthesis,commit:9b59485,1.0,1.0,0.9,0.3,0.2,0.3,LOW,RED,REORGANIZE_INTO_TRACKS_AND_ADD_PROVENANCE,Implementation Agent,2026-10-03,"Requires relocation into new 6-Track competency architecture to eliminate 1:1 Fanout taxonomy risk while retaining rich original technical prose."
service-to-service-communication,lesson,learning-apis-services,02.2,"Service-to-service communication",data/content/m02-apis-services.js,e3b0c44298fc,1,0,3,N/A,"N/A",9,Ved Gupta / AI synthesis,commit:9b59485,1.0,1.0,0.9,0.3,0.2,0.3,LOW,RED,REORGANIZE_INTO_TRACKS_AND_ADD_PROVENANCE,Implementation Agent,2026-10-03,"Requires relocation into new 6-Track competency architecture to eliminate 1:1 Fanout taxonomy risk while retaining rich original technical prose."
http-rest-grpc,lesson,learning-apis-services,02.3,"HTTP, REST, and gRPC",data/content/m02-apis-services.js,e3b0c44298fc,0,0,3,N/A,"N/A",10,Ved Gupta / AI synthesis,commit:9b59485,1.0,1.0,0.9,0.3,0.2,0.3,LOW,RED,REORGANIZE_INTO_TRACKS_AND_ADD_PROVENANCE,Implementation Agent,2026-10-03,"Requires relocation into new 6-Track competency architecture to eliminate 1:1 Fanout taxonomy risk while retaining rich original technical prose."
tcp-vs-udp,lesson,learning-apis-services,02.4,"TCP vs UDP",data/content/m02-apis-services.js,6f1e5ccc0abe,0,0,3,N/A,"N/A",8,Ved Gupta / AI synthesis,commit:9b59485,1.0,1.0,0.9,0.3,0.2,0.3,LOW,RED,REORGANIZE_INTO_TRACKS_AND_ADD_PROVENANCE,Implementation Agent,2026-10-03,"Requires relocation into new 6-Track competency architecture to eliminate 1:1 Fanout taxonomy risk while retaining rich original technical prose."
api-gateway-vs-load-balancer,lesson,learning-apis-services,02.5,"API gateway vs load balancer",data/content/m02-apis-services.js,e3b0c44298fc,1,0,3,N/A,"N/A",5,Ved Gupta / AI synthesis,commit:9b59485,1.0,1.0,0.9,0.3,0.2,0.3,LOW,RED,REORGANIZE_INTO_TRACKS_AND_ADD_PROVENANCE,Implementation Agent,2026-10-03,"Requires relocation into new 6-Track competency architecture to eliminate 1:1 Fanout taxonomy risk while retaining rich original technical prose."
load-balancers,lesson,learning-apis-services,02.6,"Load balancers",data/content/m02-apis-services.js,e3b0c44298fc,1,0,3,N/A,"N/A",6,Ved Gupta / AI synthesis,commit:9b59485,1.0,1.0,0.9,0.3,0.2,0.3,LOW,RED,REORGANIZE_INTO_TRACKS_AND_ADD_PROVENANCE,Implementation Agent,2026-10-03,"Requires relocation into new 6-Track competency architecture to eliminate 1:1 Fanout taxonomy risk while retaining rich original technical prose."
consistent-hashing-load-balancing,lesson,learning-apis-services,02.7,"Consistent-hashing load balancing",data/content/m02-apis-services.js,e3b0c44298fc,0,0,3,N/A,"N/A",6,Ved Gupta / AI synthesis,commit:9b59485,1.0,1.0,0.9,0.3,0.2,0.3,LOW,RED,REORGANIZE_INTO_TRACKS_AND_ADD_PROVENANCE,Implementation Agent,2026-10-03,"Requires relocation into new 6-Track competency architecture to eliminate 1:1 Fanout taxonomy risk while retaining rich original technical prose."
event-contracts,lesson,learning-apis-services,02.8,"Event contracts",data/content/m02-apis-services.js,e3b0c44298fc,0,0,3,N/A,"N/A",6,Ved Gupta / AI synthesis,commit:9b59485,1.0,1.0,0.9,0.3,0.2,0.3,LOW,RED,REORGANIZE_INTO_TRACKS_AND_ADD_PROVENANCE,Implementation Agent,2026-10-03,"Requires relocation into new 6-Track competency architecture to eliminate 1:1 Fanout taxonomy risk while retaining rich original technical prose."
retries-timeouts-idempotency,lesson,learning-apis-services,02.9,"Retries, timeouts, and idempotency",data/content/m02-apis-services.js,e3b0c44298fc,1,0,3,N/A,"N/A",7,Ved Gupta / AI synthesis,commit:9b59485,1.0,1.0,0.9,0.3,0.2,0.3,LOW,RED,REORGANIZE_INTO_TRACKS_AND_ADD_PROVENANCE,Implementation Agent,2026-10-03,"Requires relocation into new 6-Track competency architecture to eliminate 1:1 Fanout taxonomy risk while retaining rich original technical prose."
batching,lesson,learning-apis-services,02.10,"Batching",data/content/m02-apis-services.js,e3b0c44298fc,1,0,3,N/A,"N/A",5,Ved Gupta / AI synthesis,commit:9b59485,1.0,1.0,0.9,0.3,0.2,0.3,LOW,RED,REORGANIZE_INTO_TRACKS_AND_ADD_PROVENANCE,Implementation Agent,2026-10-03,"Requires relocation into new 6-Track competency architecture to eliminate 1:1 Fanout taxonomy risk while retaining rich original technical prose."
backpressure,lesson,learning-apis-services,02.11,"Backpressure",data/content/m02-apis-services.js,e3b0c44298fc,1,0,3,N/A,"N/A",5,Ved Gupta / AI synthesis,commit:9b59485,1.0,1.0,0.9,0.3,0.2,0.3,LOW,RED,REORGANIZE_INTO_TRACKS_AND_ADD_PROVENANCE,Implementation Agent,2026-10-03,"Requires relocation into new 6-Track competency architecture to eliminate 1:1 Fanout taxonomy risk while retaining rich original technical prose."
tail-latency,lesson,learning-apis-services,02.12,"Tail latency",data/content/m02-apis-services.js,e3b0c44298fc,0,0,3,N/A,"N/A",6,Ved Gupta / AI synthesis,commit:9b59485,1.0,1.0,0.9,0.3,0.2,0.3,LOW,RED,REORGANIZE_INTO_TRACKS_AND_ADD_PROVENANCE,Implementation Agent,2026-10-03,"Requires relocation into new 6-Track competency architecture to eliminate 1:1 Fanout taxonomy risk while retaining rich original technical prose."
load-shedding,lesson,learning-apis-services,02.13,"Load shedding",data/content/m02-apis-services.js,e3b0c44298fc,1,0,3,N/A,"N/A",7,Ved Gupta / AI synthesis,commit:9b59485,1.0,1.0,0.9,0.3,0.2,0.3,LOW,RED,REORGANIZE_INTO_TRACKS_AND_ADD_PROVENANCE,Implementation Agent,2026-10-03,"Requires relocation into new 6-Track competency architecture to eliminate 1:1 Fanout taxonomy risk while retaining rich original technical prose."
relational-database-design,lesson,learning-data-sql,03.1,"Relational database design",data/content/m03-data-sql.js,e3b0c44298fc,1,0,3,N/A,"N/A",5,Ved Gupta / AI synthesis,commit:9b59485,1.0,1.0,0.9,0.3,0.2,0.3,LOW,RED,REORGANIZE_INTO_TRACKS_AND_ADD_PROVENANCE,Implementation Agent,2026-10-03,"Requires relocation into new 6-Track competency architecture to eliminate 1:1 Fanout taxonomy risk while retaining rich original technical prose."
sql-backed-key-value-store,design,learning-data-sql,03.2,"Design: a key-value store on SQL",data/content/m03-data-sql.js,e3b0c44298fc,1,0,3,N/A,"N/A",8,Ved Gupta / AI synthesis,commit:9b59485,1.0,1.0,0.9,0.3,0.2,0.3,LOW,RED,REORGANIZE_INTO_TRACKS_AND_ADD_PROVENANCE,Implementation Agent,2026-10-03,"Requires relocation into new 6-Track competency architecture to eliminate 1:1 Fanout taxonomy risk while retaining rich original technical prose."
database-indexing,lesson,learning-data-sql,03.3,"Database indexing",data/content/m03-data-sql.js,e3b0c44298fc,0,0,3,N/A,"N/A",7,Ved Gupta / AI synthesis,commit:9b59485,1.0,1.0,0.9,0.3,0.2,0.3,LOW,RED,REORGANIZE_INTO_TRACKS_AND_ADD_PROVENANCE,Implementation Agent,2026-10-03,"Requires relocation into new 6-Track competency architecture to eliminate 1:1 Fanout taxonomy risk while retaining rich original technical prose."
b-tree,lesson,learning-data-sql,03.4,"B-tree",data/content/m03-data-sql.js,e3b0c44298fc,1,0,3,N/A,"N/A",4,Ved Gupta / AI synthesis,commit:9b59485,1.0,1.0,0.9,0.3,0.2,0.3,LOW,RED,REORGANIZE_INTO_TRACKS_AND_ADD_PROVENANCE,Implementation Agent,2026-10-03,"Requires relocation into new 6-Track competency architecture to eliminate 1:1 Fanout taxonomy risk while retaining rich original technical prose."
query-planning,lesson,learning-data-sql,03.5,"Query planning",data/content/m03-data-sql.js,e3b0c44298fc,0,0,3,N/A,"N/A",6,Ved Gupta / AI synthesis,commit:9b59485,1.0,1.0,0.9,0.3,0.2,0.3,LOW,RED,REORGANIZE_INTO_TRACKS_AND_ADD_PROVENANCE,Implementation Agent,2026-10-03,"Requires relocation into new 6-Track competency architecture to eliminate 1:1 Fanout taxonomy risk while retaining rich original technical prose."
database-locking-and-isolation,lesson,learning-data-sql,03.6,"Database locking and isolation",data/content/m03-data-sql.js,e3b0c44298fc,0,0,3,N/A,"N/A",5,Ved Gupta / AI synthesis,commit:9b59485,1.0,1.0,0.9,0.3,0.2,0.3,LOW,RED,REORGANIZE_INTO_TRACKS_AND_ADD_PROVENANCE,Implementation Agent,2026-10-03,"Requires relocation into new 6-Track competency architecture to eliminate 1:1 Fanout taxonomy risk while retaining rich original technical prose."
mvcc,lesson,learning-data-sql,03.7,"MVCC",data/content/m03-data-sql.js,e3b0c44298fc,1,0,3,N/A,"N/A",4,Ved Gupta / AI synthesis,commit:9b59485,1.0,1.0,0.9,0.3,0.2,0.3,LOW,RED,REORGANIZE_INTO_TRACKS_AND_ADD_PROVENANCE,Implementation Agent,2026-10-03,"Requires relocation into new 6-Track competency architecture to eliminate 1:1 Fanout taxonomy risk while retaining rich original technical prose."
database-wal-and-recovery,lesson,learning-data-sql,03.8,"Database WAL and recovery",data/content/m03-data-sql.js,e3b0c44298fc,1,0,3,N/A,"N/A",5,Ved Gupta / AI synthesis,commit:9b59485,1.0,1.0,0.9,0.3,0.2,0.3,LOW,RED,REORGANIZE_INTO_TRACKS_AND_ADD_PROVENANCE,Implementation Agent,2026-10-03,"Requires relocation into new 6-Track competency architecture to eliminate 1:1 Fanout taxonomy risk while retaining rich original technical prose."
database-ticket-servers,lesson,learning-data-sql,03.9,"Database ticket servers",data/content/m03-data-sql.js,34f9c3ed8e92,0,2,3,N/A,"N/A",4,Ved Gupta / AI synthesis,commit:9b59485,1.0,1.0,0.9,0.3,0.2,0.3,LOW,RED,REORGANIZE_INTO_TRACKS_AND_ADD_PROVENANCE,Implementation Agent,2026-10-03,"Requires relocation into new 6-Track competency architecture to eliminate 1:1 Fanout taxonomy risk while retaining rich original technical prose."
relational-database-scaling,lesson,learning-data-sql,03.10,"Relational database scaling",data/content/m03-data-sql.js,e3b0c44298fc,0,0,3,N/A,"N/A",6,Ved Gupta / AI synthesis,commit:9b59485,1.0,1.0,0.9,0.3,0.2,0.3,LOW,RED,REORGANIZE_INTO_TRACKS_AND_ADD_PROVENANCE,Implementation Agent,2026-10-03,"Requires relocation into new 6-Track competency architecture to eliminate 1:1 Fanout taxonomy risk while retaining rich original technical prose."
online-indexing,lesson,learning-data-sql,03.11,"Online indexing",data/content/m03-data-sql.js,e3b0c44298fc,1,0,3,N/A,"N/A",4,Ved Gupta / AI synthesis,commit:9b59485,1.0,1.0,0.9,0.3,0.2,0.3,LOW,RED,REORGANIZE_INTO_TRACKS_AND_ADD_PROVENANCE,Implementation Agent,2026-10-03,"Requires relocation into new 6-Track competency architecture to eliminate 1:1 Fanout taxonomy risk while retaining rich original technical prose."
schema-evolution,lesson,learning-data-sql,03.12,"Schema evolution",data/content/m03-data-sql.js,e3b0c44298fc,0,0,3,N/A,"N/A",7,Ved Gupta / AI synthesis,commit:9b59485,1.0,1.0,0.9,0.3,0.2,0.3,LOW,RED,REORGANIZE_INTO_TRACKS_AND_ADD_PROVENANCE,Implementation Agent,2026-10-03,"Requires relocation into new 6-Track competency architecture to eliminate 1:1 Fanout taxonomy risk while retaining rich original technical prose."
soft-delete,lesson,learning-data-sql,03.13,"Soft delete",data/content/m03-data-sql.js,e3b0c44298fc,0,0,3,N/A,"N/A",4,Ved Gupta / AI synthesis,commit:9b59485,1.0,1.0,0.9,0.3,0.2,0.3,LOW,RED,REORGANIZE_INTO_TRACKS_AND_ADD_PROVENANCE,Implementation Agent,2026-10-03,"Requires relocation into new 6-Track competency architecture to eliminate 1:1 Fanout taxonomy risk while retaining rich original technical prose."
nosql-decision-boundaries,lesson,learning-nosql-partitioning,04.1,"NoSQL decision boundaries",data/content/m04-nosql-partitioning.js,e3b0c44298fc,0,0,3,N/A,"N/A",5,Ved Gupta / AI synthesis,commit:9b59485,1.0,1.0,0.9,0.3,0.2,0.3,LOW,RED,REORGANIZE_INTO_TRACKS_AND_ADD_PROVENANCE,Implementation Agent,2026-10-03,"Requires relocation into new 6-Track competency architecture to eliminate 1:1 Fanout taxonomy risk while retaining rich original technical prose."
document-vs-key-value-stores,lesson,learning-nosql-partitioning,04.2,"Document vs key-value stores",data/content/m04-nosql-partitioning.js,e3b0c44298fc,0,0,3,N/A,"N/A",5,Ved Gupta / AI synthesis,commit:9b59485,1.0,1.0,0.9,0.3,0.2,0.3,LOW,RED,REORGANIZE_INTO_TRACKS_AND_ADD_PROVENANCE,Implementation Agent,2026-10-03,"Requires relocation into new 6-Track competency architecture to eliminate 1:1 Fanout taxonomy risk while retaining rich original technical prose."
columnar-vs-wide-column-stores,lesson,learning-nosql-partitioning,04.3,"Columnar vs wide-column stores",data/content/m04-nosql-partitioning.js,e3b0c44298fc,0,0,3,N/A,"N/A",5,Ved Gupta / AI synthesis,commit:9b59485,1.0,1.0,0.9,0.3,0.2,0.3,LOW,RED,REORGANIZE_INTO_TRACKS_AND_ADD_PROVENANCE,Implementation Agent,2026-10-03,"Requires relocation into new 6-Track competency architecture to eliminate 1:1 Fanout taxonomy risk while retaining rich original technical prose."
graph-database-decision-boundary,lesson,learning-nosql-partitioning,04.4,"Graph database decision boundary",data/content/m04-nosql-partitioning.js,e3b0c44298fc,1,0,3,N/A,"N/A",4,Ved Gupta / AI synthesis,commit:9b59485,1.0,1.0,0.9,0.3,0.2,0.3,LOW,RED,REORGANIZE_INTO_TRACKS_AND_ADD_PROVENANCE,Implementation Agent,2026-10-03,"Requires relocation into new 6-Track competency architecture to eliminate 1:1 Fanout taxonomy risk while retaining rich original technical prose."
sharding-and-partitioning,lesson,learning-nosql-partitioning,04.5,"Sharding and partitioning",data/content/m04-nosql-partitioning.js,e3b0c44298fc,1,0,3,N/A,"N/A",4,Ved Gupta / AI synthesis,commit:9b59485,1.0,1.0,0.9,0.3,0.2,0.3,LOW,RED,REORGANIZE_INTO_TRACKS_AND_ADD_PROVENANCE,Implementation Agent,2026-10-03,"Requires relocation into new 6-Track competency architecture to eliminate 1:1 Fanout taxonomy risk while retaining rich original technical prose."
hot-partitions,lesson,learning-nosql-partitioning,04.6,"Hot partitions",data/content/m04-nosql-partitioning.js,e3b0c44298fc,0,0,3,N/A,"N/A",5,Ved Gupta / AI synthesis,commit:9b59485,1.0,1.0,0.9,0.3,0.2,0.3,LOW,RED,REORGANIZE_INTO_TRACKS_AND_ADD_PROVENANCE,Implementation Agent,2026-10-03,"Requires relocation into new 6-Track competency architecture to eliminate 1:1 Fanout taxonomy risk while retaining rich original technical prose."
consistent-hashing,lesson,learning-nosql-partitioning,04.7,"Consistent hashing",data/content/m04-nosql-partitioning.js,e3b0c44298fc,1,0,3,N/A,"N/A",4,Ved Gupta / AI synthesis,commit:9b59485,1.0,1.0,0.9,0.3,0.2,0.3,LOW,RED,REORGANIZE_INTO_TRACKS_AND_ADD_PROVENANCE,Implementation Agent,2026-10-03,"Requires relocation into new 6-Track competency architecture to eliminate 1:1 Fanout taxonomy risk while retaining rich original technical prose."
distributed-id-generation,lesson,learning-nosql-partitioning,04.8,"Distributed ID generation",data/content/m04-nosql-partitioning.js,e3b0c44298fc,0,0,3,N/A,"N/A",5,Ved Gupta / AI synthesis,commit:9b59485,1.0,1.0,0.9,0.3,0.2,0.3,LOW,RED,REORGANIZE_INTO_TRACKS_AND_ADD_PROVENANCE,Implementation Agent,2026-10-03,"Requires relocation into new 6-Track competency architecture to eliminate 1:1 Fanout taxonomy risk while retaining rich original technical prose."
uuid-objectid-and-snowflake,lesson,learning-nosql-partitioning,04.9,"UUID, ObjectId, and Snowflake",data/content/m04-nosql-partitioning.js,e3b0c44298fc,0,0,3,N/A,"N/A",4,Ved Gupta / AI synthesis,commit:9b59485,1.0,1.0,0.9,0.3,0.2,0.3,LOW,RED,REORGANIZE_INTO_TRACKS_AND_ADD_PROVENANCE,Implementation Agent,2026-10-03,"Requires relocation into new 6-Track competency architecture to eliminate 1:1 Fanout taxonomy risk while retaining rich original technical prose."
snowflake-id-design,lesson,learning-nosql-partitioning,04.10,"Snowflake ID design",data/content/m04-nosql-partitioning.js,e3b0c44298fc,0,0,3,N/A,"N/A",5,Ved Gupta / AI synthesis,commit:9b59485,1.0,1.0,0.9,0.3,0.2,0.3,LOW,RED,REORGANIZE_INTO_TRACKS_AND_ADD_PROVENANCE,Implementation Agent,2026-10-03,"Requires relocation into new 6-Track competency architecture to eliminate 1:1 Fanout taxonomy risk while retaining rich original technical prose."
clock-skew-and-id-ordering,lesson,learning-nosql-partitioning,04.11,"Clock skew and ID ordering",data/content/m04-nosql-partitioning.js,653eff3c9b98,1,3,3,N/A,"N/A",6,Ved Gupta / AI synthesis,commit:9b59485,1.0,1.0,0.9,0.3,0.2,0.3,LOW,RED,REORGANIZE_INTO_TRACKS_AND_ADD_PROVENANCE,Implementation Agent,2026-10-03,"Requires relocation into new 6-Track competency architecture to eliminate 1:1 Fanout taxonomy risk while retaining rich original technical prose."
keyset-pagination,lesson,learning-nosql-partitioning,04.12,"Keyset pagination",data/content/m04-nosql-partitioning.js,e3b0c44298fc,0,0,3,N/A,"N/A",6,Ved Gupta / AI synthesis,commit:9b59485,1.0,1.0,0.9,0.3,0.2,0.3,LOW,RED,REORGANIZE_INTO_TRACKS_AND_ADD_PROVENANCE,Implementation Agent,2026-10-03,"Requires relocation into new 6-Track competency architecture to eliminate 1:1 Fanout taxonomy risk while retaining rich original technical prose."
bloom-filters,lesson,learning-nosql-partitioning,04.13,"Bloom filters",data/content/m04-nosql-partitioning.js,e3b0c44298fc,0,0,3,N/A,"N/A",4,Ved Gupta / AI synthesis,commit:9b59485,1.0,1.0,0.9,0.3,0.2,0.3,LOW,RED,REORGANIZE_INTO_TRACKS_AND_ADD_PROVENANCE,Implementation Agent,2026-10-03,"Requires relocation into new 6-Track competency architecture to eliminate 1:1 Fanout taxonomy risk while retaining rich original technical prose."
hot-cold-storage-archival,lesson,learning-nosql-partitioning,04.14,"Hot and cold storage, archival",data/content/m04-nosql-partitioning.js,e3b0c44298fc,1,0,3,N/A,"N/A",6,Ved Gupta / AI synthesis,commit:9b59485,1.0,1.0,0.9,0.3,0.2,0.3,LOW,RED,REORGANIZE_INTO_TRACKS_AND_ADD_PROVENANCE,Implementation Agent,2026-10-03,"Requires relocation into new 6-Track competency architecture to eliminate 1:1 Fanout taxonomy risk while retaining rich original technical prose."
caching-layers,lesson,learning-caching-fast-reads,05.1,"Caching layers",data/content/m05-caching-fast-reads.js,e5f109ac3fd3,1,1,3,N/A,"N/A",5,Ved Gupta / AI synthesis,commit:9b59485,1.0,1.0,0.9,0.3,0.2,0.3,LOW,RED,REORGANIZE_INTO_TRACKS_AND_ADD_PROVENANCE,Implementation Agent,2026-10-03,"Requires relocation into new 6-Track competency architecture to eliminate 1:1 Fanout taxonomy risk while retaining rich original technical prose."
distributed-cache-design,lesson,learning-caching-fast-reads,05.2,"Distributed cache design",data/content/m05-caching-fast-reads.js,e3b0c44298fc,1,0,3,N/A,"N/A",6,Ved Gupta / AI synthesis,commit:9b59485,1.0,1.0,0.9,0.3,0.2,0.3,LOW,RED,REORGANIZE_INTO_TRACKS_AND_ADD_PROVENANCE,Implementation Agent,2026-10-03,"Requires relocation into new 6-Track competency architecture to eliminate 1:1 Fanout taxonomy risk while retaining rich original technical prose."
cache-eviction-policies,lesson,learning-caching-fast-reads,05.3,"Cache eviction policies",data/content/m05-caching-fast-reads.js,e3b0c44298fc,0,0,3,N/A,"N/A",4,Ved Gupta / AI synthesis,commit:9b59485,1.0,1.0,0.9,0.3,0.2,0.3,LOW,RED,REORGANIZE_INTO_TRACKS_AND_ADD_PROVENANCE,Implementation Agent,2026-10-03,"Requires relocation into new 6-Track competency architecture to eliminate 1:1 Fanout taxonomy risk while retaining rich original technical prose."
ttl-expiration-and-cache-reapers,lesson,learning-caching-fast-reads,05.4,"TTL expiration and cache reapers",data/content/m05-caching-fast-reads.js,e3b0c44298fc,0,0,3,N/A,"N/A",4,Ved Gupta / AI synthesis,commit:9b59485,1.0,1.0,0.9,0.3,0.2,0.3,LOW,RED,REORGANIZE_INTO_TRACKS_AND_ADD_PROVENANCE,Implementation Agent,2026-10-03,"Requires relocation into new 6-Track competency architecture to eliminate 1:1 Fanout taxonomy risk while retaining rich original technical prose."
cache-concurrency-control,lesson,learning-caching-fast-reads,05.5,"Cache concurrency control",data/content/m05-caching-fast-reads.js,e3b0c44298fc,1,0,3,N/A,"N/A",6,Ved Gupta / AI synthesis,commit:9b59485,1.0,1.0,0.9,0.3,0.2,0.3,LOW,RED,REORGANIZE_INTO_TRACKS_AND_ADD_PROVENANCE,Implementation Agent,2026-10-03,"Requires relocation into new 6-Track competency architecture to eliminate 1:1 Fanout taxonomy risk while retaining rich original technical prose."
cache-availability-and-database-fallback,lesson,learning-caching-fast-reads,05.6,"Cache availability and database fallback",data/content/m05-caching-fast-reads.js,e3b0c44298fc,1,0,3,N/A,"N/A",7,Ved Gupta / AI synthesis,commit:9b59485,1.0,1.0,0.9,0.3,0.2,0.3,LOW,RED,REORGANIZE_INTO_TRACKS_AND_ADD_PROVENANCE,Implementation Agent,2026-10-03,"Requires relocation into new 6-Track competency architecture to eliminate 1:1 Fanout taxonomy risk while retaining rich original technical prose."
distributed-systems-foundations,lesson,learning-distributed-coordination,06.1,"Distributed systems foundations",data/content/m06-distributed-coordination.js,e3b0c44298fc,1,0,3,N/A,"N/A",4,Ved Gupta / AI synthesis,commit:9b59485,1.0,1.0,0.9,0.3,0.2,0.3,LOW,RED,REORGANIZE_INTO_TRACKS_AND_ADD_PROVENANCE,Implementation Agent,2026-10-03,"Requires relocation into new 6-Track competency architecture to eliminate 1:1 Fanout taxonomy risk while retaining rich original technical prose."
consistency-models,lesson,learning-distributed-coordination,06.2,"Consistency models",data/content/m06-distributed-coordination.js,e3b0c44298fc,0,0,3,N/A,"N/A",7,Ved Gupta / AI synthesis,commit:9b59485,1.0,1.0,0.9,0.3,0.2,0.3,LOW,RED,REORGANIZE_INTO_TRACKS_AND_ADD_PROVENANCE,Implementation Agent,2026-10-03,"Requires relocation into new 6-Track competency architecture to eliminate 1:1 Fanout taxonomy risk while retaining rich original technical prose."
replication,lesson,learning-distributed-coordination,06.3,"Replication",data/content/m06-distributed-coordination.js,e3b0c44298fc,1,0,3,N/A,"N/A",6,Ved Gupta / AI synthesis,commit:9b59485,1.0,1.0,0.9,0.3,0.2,0.3,LOW,RED,REORGANIZE_INTO_TRACKS_AND_ADD_PROVENANCE,Implementation Agent,2026-10-03,"Requires relocation into new 6-Track competency architecture to eliminate 1:1 Fanout taxonomy risk while retaining rich original technical prose."
cap-and-pacelc,lesson,learning-distributed-coordination,06.4,"CAP and PACELC",data/content/m06-distributed-coordination.js,e3b0c44298fc,0,0,3,N/A,"N/A",4,Ved Gupta / AI synthesis,commit:9b59485,1.0,1.0,0.9,0.3,0.2,0.3,LOW,RED,REORGANIZE_INTO_TRACKS_AND_ADD_PROVENANCE,Implementation Agent,2026-10-03,"Requires relocation into new 6-Track competency architecture to eliminate 1:1 Fanout taxonomy risk while retaining rich original technical prose."
clocks-and-ordering,lesson,learning-distributed-coordination,06.5,"Clocks and ordering",data/content/m06-distributed-coordination.js,e3b0c44298fc,1,0,3,N/A,"N/A",5,Ved Gupta / AI synthesis,commit:9b59485,1.0,1.0,0.9,0.3,0.2,0.3,LOW,RED,REORGANIZE_INTO_TRACKS_AND_ADD_PROVENANCE,Implementation Agent,2026-10-03,"Requires relocation into new 6-Track competency architecture to eliminate 1:1 Fanout taxonomy risk while retaining rich original technical prose."
consensus,lesson,learning-distributed-coordination,06.6,"Consensus",data/content/m06-distributed-coordination.js,e3b0c44298fc,1,0,3,N/A,"N/A",5,Ved Gupta / AI synthesis,commit:9b59485,1.0,1.0,0.9,0.3,0.2,0.3,LOW,RED,REORGANIZE_INTO_TRACKS_AND_ADD_PROVENANCE,Implementation Agent,2026-10-03,"Requires relocation into new 6-Track competency architecture to eliminate 1:1 Fanout taxonomy risk while retaining rich original technical prose."
leader-election,lesson,learning-distributed-coordination,06.7,"Leader election",data/content/m06-distributed-coordination.js,e3b0c44298fc,0,0,3,N/A,"N/A",6,Ved Gupta / AI synthesis,commit:9b59485,1.0,1.0,0.9,0.3,0.2,0.3,LOW,RED,REORGANIZE_INTO_TRACKS_AND_ADD_PROVENANCE,Implementation Agent,2026-10-03,"Requires relocation into new 6-Track competency architecture to eliminate 1:1 Fanout taxonomy risk while retaining rich original technical prose."
distributed-locks-and-leases,lesson,learning-distributed-coordination,06.8,"Distributed locks and leases",data/content/m06-distributed-coordination.js,e3b0c44298fc,0,0,3,N/A,"N/A",7,Ved Gupta / AI synthesis,commit:9b59485,1.0,1.0,0.9,0.3,0.2,0.3,LOW,RED,REORGANIZE_INTO_TRACKS_AND_ADD_PROVENANCE,Implementation Agent,2026-10-03,"Requires relocation into new 6-Track competency architecture to eliminate 1:1 Fanout taxonomy risk while retaining rich original technical prose."
redis-redlock-and-fencing-tokens,lesson,learning-distributed-coordination,06.9,"Redis Redlock and fencing tokens",data/content/m06-distributed-coordination.js,e3b0c44298fc,1,0,3,N/A,"N/A",4,Ved Gupta / AI synthesis,commit:9b59485,1.0,1.0,0.9,0.3,0.2,0.3,LOW,RED,REORGANIZE_INTO_TRACKS_AND_ADD_PROVENANCE,Implementation Agent,2026-10-03,"Requires relocation into new 6-Track competency architecture to eliminate 1:1 Fanout taxonomy risk while retaining rich original technical prose."
circuit-breakers-and-timeouts,lesson,learning-distributed-coordination,06.10,"Circuit breakers and timeouts",data/content/m06-distributed-coordination.js,e3b0c44298fc,1,0,3,N/A,"N/A",6,Ved Gupta / AI synthesis,commit:9b59485,1.0,1.0,0.9,0.3,0.2,0.3,LOW,RED,REORGANIZE_INTO_TRACKS_AND_ADD_PROVENANCE,Implementation Agent,2026-10-03,"Requires relocation into new 6-Track competency architecture to eliminate 1:1 Fanout taxonomy risk while retaining rich original technical prose."
gossip-protocol,lesson,learning-distributed-coordination,06.11,"Gossip protocol",data/content/m06-distributed-coordination.js,e3b0c44298fc,1,0,3,N/A,"N/A",7,Ved Gupta / AI synthesis,commit:9b59485,1.0,1.0,0.9,0.3,0.2,0.3,LOW,RED,REORGANIZE_INTO_TRACKS_AND_ADD_PROVENANCE,Implementation Agent,2026-10-03,"Requires relocation into new 6-Track competency architecture to eliminate 1:1 Fanout taxonomy risk while retaining rich original technical prose."
metadata-service-and-node-discovery,lesson,learning-distributed-coordination,06.12,"Metadata service and node discovery",data/content/m06-distributed-coordination.js,e3b0c44298fc,1,0,3,N/A,"N/A",8,Ved Gupta / AI synthesis,commit:9b59485,1.0,1.0,0.9,0.3,0.2,0.3,LOW,RED,REORGANIZE_INTO_TRACKS_AND_ADD_PROVENANCE,Implementation Agent,2026-10-03,"Requires relocation into new 6-Track competency architecture to eliminate 1:1 Fanout taxonomy risk while retaining rich original technical prose."
distributed-hash-tables,lesson,learning-distributed-coordination,06.13,"Distributed hash tables",data/content/m06-distributed-coordination.js,e3b0c44298fc,1,0,3,N/A,"N/A",6,Ved Gupta / AI synthesis,commit:9b59485,1.0,1.0,0.9,0.3,0.2,0.3,LOW,RED,REORGANIZE_INTO_TRACKS_AND_ADD_PROVENANCE,Implementation Agent,2026-10-03,"Requires relocation into new 6-Track competency architecture to eliminate 1:1 Fanout taxonomy risk while retaining rich original technical prose."
storage-engine-design-constraints,lesson,learning-storage-engines,07.1,"Storage engine design constraints",data/content/m07-storage-engines.js,e3b0c44298fc,0,0,3,N/A,"N/A",7,Ved Gupta / AI synthesis,commit:9b59485,1.0,1.0,0.9,0.3,0.2,0.3,LOW,RED,REORGANIZE_INTO_TRACKS_AND_ADD_PROVENANCE,Implementation Agent,2026-10-03,"Requires relocation into new 6-Track competency architecture to eliminate 1:1 Fanout taxonomy risk while retaining rich original technical prose."
storage-engine-tradeoffs,lesson,learning-storage-engines,07.2,"Storage engine tradeoffs",data/content/m07-storage-engines.js,e3b0c44298fc,0,0,3,N/A,"N/A",6,Ved Gupta / AI synthesis,commit:9b59485,1.0,1.0,0.9,0.3,0.2,0.3,LOW,RED,REORGANIZE_INTO_TRACKS_AND_ADD_PROVENANCE,Implementation Agent,2026-10-03,"Requires relocation into new 6-Track competency architecture to eliminate 1:1 Fanout taxonomy risk while retaining rich original technical prose."
file-backed-dictionary-storage-engine,lesson,learning-storage-engines,07.3,"A file-backed dictionary",data/content/m07-storage-engines.js,70ea74bf2ea2,1,4,3,N/A,"N/A",6,Ved Gupta / AI synthesis,commit:9b59485,1.0,1.0,0.9,0.3,0.2,0.3,LOW,RED,REORGANIZE_INTO_TRACKS_AND_ADD_PROVENANCE,Implementation Agent,2026-10-03,"Requires relocation into new 6-Track competency architecture to eliminate 1:1 Fanout taxonomy risk while retaining rich original technical prose."
custom-binary-file-format,lesson,learning-storage-engines,07.4,"Custom binary file format",data/content/m07-storage-engines.js,e3b0c44298fc,0,0,3,N/A,"N/A",4,Ved Gupta / AI synthesis,commit:9b59485,1.0,1.0,0.9,0.3,0.2,0.3,LOW,RED,REORGANIZE_INTO_TRACKS_AND_ADD_PROVENANCE,Implementation Agent,2026-10-03,"Requires relocation into new 6-Track competency architecture to eliminate 1:1 Fanout taxonomy risk while retaining rich original technical prose."
byte-range-indexed-object-storage,lesson,learning-storage-engines,07.5,"Byte-range indexed object storage",data/content/m07-storage-engines.js,a019b20c6f98,0,3,3,N/A,"N/A",5,Ved Gupta / AI synthesis,commit:9b59485,1.0,1.0,0.9,0.3,0.2,0.3,LOW,RED,REORGANIZE_INTO_TRACKS_AND_ADD_PROVENANCE,Implementation Agent,2026-10-03,"Requires relocation into new 6-Track competency architecture to eliminate 1:1 Fanout taxonomy risk while retaining rich original technical prose."
immutable-versioned-data-files,lesson,learning-storage-engines,07.6,"Immutable versioned data files",data/content/m07-storage-engines.js,e3b0c44298fc,1,0,3,N/A,"N/A",7,Ved Gupta / AI synthesis,commit:9b59485,1.0,1.0,0.9,0.3,0.2,0.3,LOW,RED,REORGANIZE_INTO_TRACKS_AND_ADD_PROVENANCE,Implementation Agent,2026-10-03,"Requires relocation into new 6-Track competency architecture to eliminate 1:1 Fanout taxonomy risk while retaining rich original technical prose."
log-structured-storage,lesson,learning-storage-engines,07.7,"Log-structured storage",data/content/m07-storage-engines.js,e3b0c44298fc,0,0,3,N/A,"N/A",6,Ved Gupta / AI synthesis,commit:9b59485,1.0,1.0,0.9,0.3,0.2,0.3,LOW,RED,REORGANIZE_INTO_TRACKS_AND_ADD_PROVENANCE,Implementation Agent,2026-10-03,"Requires relocation into new 6-Track competency architecture to eliminate 1:1 Fanout taxonomy risk while retaining rich original technical prose."
bitcask-storage-engine,lesson,learning-storage-engines,07.8,"Bitcask storage engine",data/content/m07-storage-engines.js,e3b0c44298fc,1,0,3,N/A,"N/A",5,Ved Gupta / AI synthesis,commit:9b59485,1.0,1.0,0.9,0.3,0.2,0.3,LOW,RED,REORGANIZE_INTO_TRACKS_AND_ADD_PROVENANCE,Implementation Agent,2026-10-03,"Requires relocation into new 6-Track competency architecture to eliminate 1:1 Fanout taxonomy risk while retaining rich original technical prose."
lsm-tree-storage-engine,lesson,learning-storage-engines,07.9,"LSM-tree storage engine",data/content/m07-storage-engines.js,e3b0c44298fc,0,0,3,N/A,"N/A",6,Ved Gupta / AI synthesis,commit:9b59485,1.0,1.0,0.9,0.3,0.2,0.3,LOW,RED,REORGANIZE_INTO_TRACKS_AND_ADD_PROVENANCE,Implementation Agent,2026-10-03,"Requires relocation into new 6-Track competency architecture to eliminate 1:1 Fanout taxonomy risk while retaining rich original technical prose."
memtable-wal-and-sstable,lesson,learning-storage-engines,07.10,"Memtable, WAL, and SSTable",data/content/m07-storage-engines.js,e3b0c44298fc,1,0,3,N/A,"N/A",8,Ved Gupta / AI synthesis,commit:9b59485,1.0,1.0,0.9,0.3,0.2,0.3,LOW,RED,REORGANIZE_INTO_TRACKS_AND_ADD_PROVENANCE,Implementation Agent,2026-10-03,"Requires relocation into new 6-Track competency architecture to eliminate 1:1 Fanout taxonomy risk while retaining rich original technical prose."
lsm-read-path-bloom-and-sparse-index,lesson,learning-storage-engines,07.11,"LSM read path: Bloom filters and sparse index",data/content/m07-storage-engines.js,e3b0c44298fc,1,0,3,N/A,"N/A",4,Ved Gupta / AI synthesis,commit:9b59485,1.0,1.0,0.9,0.3,0.2,0.3,LOW,RED,REORGANIZE_INTO_TRACKS_AND_ADD_PROVENANCE,Implementation Agent,2026-10-03,"Requires relocation into new 6-Track competency architecture to eliminate 1:1 Fanout taxonomy risk while retaining rich original technical prose."
compaction-and-amplification,lesson,learning-storage-engines,07.12,"Compaction and amplification",data/content/m07-storage-engines.js,e3b0c44298fc,0,0,3,N/A,"N/A",5,Ved Gupta / AI synthesis,commit:9b59485,1.0,1.0,0.9,0.3,0.2,0.3,LOW,RED,REORGANIZE_INTO_TRACKS_AND_ADD_PROVENANCE,Implementation Agent,2026-10-03,"Requires relocation into new 6-Track competency architecture to eliminate 1:1 Fanout taxonomy risk while retaining rich original technical prose."
object-storage-vs-database,lesson,learning-storage-engines,07.13,"Object storage vs database",data/content/m07-storage-engines.js,e3b0c44298fc,0,0,3,N/A,"N/A",4,Ved Gupta / AI synthesis,commit:9b59485,1.0,1.0,0.9,0.3,0.2,0.3,LOW,RED,REORGANIZE_INTO_TRACKS_AND_ADD_PROVENANCE,Implementation Agent,2026-10-03,"Requires relocation into new 6-Track competency architecture to eliminate 1:1 Fanout taxonomy risk while retaining rich original technical prose."
s3-object-storage-architecture,lesson,learning-storage-engines,07.14,"S3 object storage architecture",data/content/m07-storage-engines.js,e3b0c44298fc,2,0,3,N/A,"N/A",4,Ved Gupta / AI synthesis,commit:9b59485,1.0,1.0,0.9,0.3,0.2,0.3,LOW,RED,REORGANIZE_INTO_TRACKS_AND_ADD_PROVENANCE,Implementation Agent,2026-10-03,"Requires relocation into new 6-Track competency architecture to eliminate 1:1 Fanout taxonomy risk while retaining rich original technical prose."
range-partitioning-vs-consistent-hashing-storage,lesson,learning-storage-engines,07.15,"Range partitioning vs consistent hashing for storage",data/content/m07-storage-engines.js,e3b0c44298fc,0,0,3,N/A,"N/A",3,Ved Gupta / AI synthesis,commit:9b59485,1.0,1.0,0.9,0.3,0.2,0.3,LOW,RED,REORGANIZE_INTO_TRACKS_AND_ADD_PROVENANCE,Implementation Agent,2026-10-03,"Requires relocation into new 6-Track competency architecture to eliminate 1:1 Fanout taxonomy risk while retaining rich original technical prose."
partition-manager-and-map-table,lesson,learning-storage-engines,07.16,"Partition manager and map table",data/content/m07-storage-engines.js,5d39a3fcf296,1,3,3,N/A,"N/A",4,Ved Gupta / AI synthesis,commit:9b59485,1.0,1.0,0.9,0.3,0.2,0.3,LOW,RED,REORGANIZE_INTO_TRACKS_AND_ADD_PROVENANCE,Implementation Agent,2026-10-03,"Requires relocation into new 6-Track competency architecture to eliminate 1:1 Fanout taxonomy risk while retaining rich original technical prose."
metadata-db-for-object-storage,lesson,learning-storage-engines,07.17,"Metadata database for object storage",data/content/m07-storage-engines.js,e3b0c44298fc,0,0,3,N/A,"N/A",4,Ved Gupta / AI synthesis,commit:9b59485,1.0,1.0,0.9,0.3,0.2,0.3,LOW,RED,REORGANIZE_INTO_TRACKS_AND_ADD_PROVENANCE,Implementation Agent,2026-10-03,"Requires relocation into new 6-Track competency architecture to eliminate 1:1 Fanout taxonomy risk while retaining rich original technical prose."
append-only-object-storage-stream-layer,lesson,learning-storage-engines,07.18,"Append-only stream layer",data/content/m07-storage-engines.js,e3b0c44298fc,1,0,3,N/A,"N/A",4,Ved Gupta / AI synthesis,commit:9b59485,1.0,1.0,0.9,0.3,0.2,0.3,LOW,RED,REORGANIZE_INTO_TRACKS_AND_ADD_PROVENANCE,Implementation Agent,2026-10-03,"Requires relocation into new 6-Track competency architecture to eliminate 1:1 Fanout taxonomy risk while retaining rich original technical prose."
object-storage-durability-and-replication,lesson,learning-storage-engines,07.19,"Durability and replication",data/content/m07-storage-engines.js,e3b0c44298fc,0,0,3,N/A,"N/A",6,Ved Gupta / AI synthesis,commit:9b59485,1.0,1.0,0.9,0.3,0.2,0.3,LOW,RED,REORGANIZE_INTO_TRACKS_AND_ADD_PROVENANCE,Implementation Agent,2026-10-03,"Requires relocation into new 6-Track competency architecture to eliminate 1:1 Fanout taxonomy risk while retaining rich original technical prose."
end-to-end-checksums,lesson,learning-storage-engines,07.20,"End-to-end checksums",data/content/m07-storage-engines.js,e3b0c44298fc,1,0,3,N/A,"N/A",4,Ved Gupta / AI synthesis,commit:9b59485,1.0,1.0,0.9,0.3,0.2,0.3,LOW,RED,REORGANIZE_INTO_TRACKS_AND_ADD_PROVENANCE,Implementation Agent,2026-10-03,"Requires relocation into new 6-Track competency architecture to eliminate 1:1 Fanout taxonomy risk while retaining rich original technical prose."
delegation-and-async-work,lesson,learning-async-streams,08.1,"Delegation and async work",data/content/m08-async-streams.js,e3b0c44298fc,1,0,3,N/A,"N/A",4,Ved Gupta / AI synthesis,commit:9b59485,1.0,1.0,0.9,0.3,0.2,0.3,LOW,RED,REORGANIZE_INTO_TRACKS_AND_ADD_PROVENANCE,Implementation Agent,2026-10-03,"Requires relocation into new 6-Track competency architecture to eliminate 1:1 Fanout taxonomy risk while retaining rich original technical prose."
task-queue-vs-event-stream,lesson,learning-async-streams,08.2,"Task queue vs event stream",data/content/m08-async-streams.js,e3b0c44298fc,1,0,3,N/A,"N/A",5,Ved Gupta / AI synthesis,commit:9b59485,1.0,1.0,0.9,0.3,0.2,0.3,LOW,RED,REORGANIZE_INTO_TRACKS_AND_ADD_PROVENANCE,Implementation Agent,2026-10-03,"Requires relocation into new 6-Track competency architecture to eliminate 1:1 Fanout taxonomy risk while retaining rich original technical prose."
event-bus-for-product-events,lesson,learning-async-streams,08.3,"Event bus for product events",data/content/m08-async-streams.js,e3b0c44298fc,1,0,3,N/A,"N/A",5,Ved Gupta / AI synthesis,commit:9b59485,1.0,1.0,0.9,0.3,0.2,0.3,LOW,RED,REORGANIZE_INTO_TRACKS_AND_ADD_PROVENANCE,Implementation Agent,2026-10-03,"Requires relocation into new 6-Track competency architecture to eliminate 1:1 Fanout taxonomy risk while retaining rich original technical prose."
queue-lag,lesson,learning-async-streams,08.4,"Queue lag",data/content/m08-async-streams.js,e3b0c44298fc,0,0,3,N/A,"N/A",6,Ved Gupta / AI synthesis,commit:9b59485,1.0,1.0,0.9,0.3,0.2,0.3,LOW,RED,REORGANIZE_INTO_TRACKS_AND_ADD_PROVENANCE,Implementation Agent,2026-10-03,"Requires relocation into new 6-Track competency architecture to eliminate 1:1 Fanout taxonomy risk while retaining rich original technical prose."
distributed-task-scheduler,lesson,learning-async-streams,08.5,"Distributed task scheduler",data/content/m08-async-streams.js,e3b0c44298fc,1,0,3,N/A,"N/A",6,Ved Gupta / AI synthesis,commit:9b59485,1.0,1.0,0.9,0.3,0.2,0.3,LOW,RED,REORGANIZE_INTO_TRACKS_AND_ADD_PROVENANCE,Implementation Agent,2026-10-03,"Requires relocation into new 6-Track competency architecture to eliminate 1:1 Fanout taxonomy risk while retaining rich original technical prose."
postgres-skip-locked-work-queue,lesson,learning-async-streams,08.6,"Postgres SKIP LOCKED work queue",data/content/m08-async-streams.js,e3b0c44298fc,1,0,3,N/A,"N/A",5,Ved Gupta / AI synthesis,commit:9b59485,1.0,1.0,0.9,0.3,0.2,0.3,LOW,RED,REORGANIZE_INTO_TRACKS_AND_ADD_PROVENANCE,Implementation Agent,2026-10-03,"Requires relocation into new 6-Track competency architecture to eliminate 1:1 Fanout taxonomy risk while retaining rich original technical prose."
dag-workflow-orchestration,lesson,learning-async-streams,08.7,"DAG workflow orchestration",data/content/m08-async-streams.js,e3b0c44298fc,1,0,3,N/A,"N/A",7,Ved Gupta / AI synthesis,commit:9b59485,1.0,1.0,0.9,0.3,0.2,0.3,LOW,RED,REORGANIZE_INTO_TRACKS_AND_ADD_PROVENANCE,Implementation Agent,2026-10-03,"Requires relocation into new 6-Track competency architecture to eliminate 1:1 Fanout taxonomy risk while retaining rich original technical prose."
rule-engine-trigger-framework,lesson,learning-async-streams,08.8,"Rule engine and trigger framework",data/content/m08-async-streams.js,3bac518a93f3,1,4,3,N/A,"N/A",6,Ved Gupta / AI synthesis,commit:9b59485,1.0,1.0,0.9,0.3,0.2,0.3,LOW,RED,REORGANIZE_INTO_TRACKS_AND_ADD_PROVENANCE,Implementation Agent,2026-10-03,"Requires relocation into new 6-Track competency architecture to eliminate 1:1 Fanout taxonomy risk while retaining rich original technical prose."
fanout-patterns,lesson,learning-async-streams,08.9,"Fanout patterns",data/content/m08-async-streams.js,e3b0c44298fc,0,0,3,N/A,"N/A",6,Ved Gupta / AI synthesis,commit:9b59485,1.0,1.0,0.9,0.3,0.2,0.3,LOW,RED,REORGANIZE_INTO_TRACKS_AND_ADD_PROVENANCE,Implementation Agent,2026-10-03,"Requires relocation into new 6-Track competency architecture to eliminate 1:1 Fanout taxonomy risk while retaining rich original technical prose."
flash-sale-inventory-locking,lesson,learning-async-streams,08.10,"Flash sale inventory locking",data/content/m08-async-streams.js,e3b0c44298fc,1,0,3,N/A,"N/A",8,Ved Gupta / AI synthesis,commit:9b59485,1.0,1.0,0.9,0.3,0.2,0.3,LOW,RED,REORGANIZE_INTO_TRACKS_AND_ADD_PROVENANCE,Implementation Agent,2026-10-03,"Requires relocation into new 6-Track competency architecture to eliminate 1:1 Fanout taxonomy risk while retaining rich original technical prose."
information-retrieval-system-design,lesson,learning-search-retrieval,09.1,"Information retrieval system design",data/content/m09-search-retrieval.js,e3b0c44298fc,1,0,3,N/A,"N/A",4,Ved Gupta / AI synthesis,commit:9b59485,1.0,1.0,0.9,0.3,0.2,0.3,LOW,RED,REORGANIZE_INTO_TRACKS_AND_ADD_PROVENANCE,Implementation Agent,2026-10-03,"Requires relocation into new 6-Track competency architecture to eliminate 1:1 Fanout taxonomy risk while retaining rich original technical prose."
inverted-index-and-posting-lists,lesson,learning-search-retrieval,09.2,"Inverted index and posting lists",data/content/m09-search-retrieval.js,e3b0c44298fc,1,0,3,N/A,"N/A",6,Ved Gupta / AI synthesis,commit:9b59485,1.0,1.0,0.9,0.3,0.2,0.3,LOW,RED,REORGANIZE_INTO_TRACKS_AND_ADD_PROVENANCE,Implementation Agent,2026-10-03,"Requires relocation into new 6-Track competency architecture to eliminate 1:1 Fanout taxonomy risk while retaining rich original technical prose."
boolean-tiered-search,lesson,learning-search-retrieval,09.3,"Boolean and tiered search",data/content/m09-search-retrieval.js,98248d817c32,0,4,3,N/A,"N/A",5,Ved Gupta / AI synthesis,commit:9b59485,1.0,1.0,0.9,0.3,0.2,0.3,LOW,RED,REORGANIZE_INTO_TRACKS_AND_ADD_PROVENANCE,Implementation Agent,2026-10-03,"Requires relocation into new 6-Track competency architecture to eliminate 1:1 Fanout taxonomy risk while retaining rich original technical prose."
tf-idf-relevance-scoring,lesson,learning-search-retrieval,09.4,"TF-IDF relevance scoring",data/content/m09-search-retrieval.js,e3b0c44298fc,0,0,3,N/A,"N/A",3,Ved Gupta / AI synthesis,commit:9b59485,1.0,1.0,0.9,0.3,0.2,0.3,LOW,RED,REORGANIZE_INTO_TRACKS_AND_ADD_PROVENANCE,Implementation Agent,2026-10-03,"Requires relocation into new 6-Track competency architecture to eliminate 1:1 Fanout taxonomy risk while retaining rich original technical prose."
bm25-production-ranking,lesson,learning-search-retrieval,09.5,"BM25 production ranking",data/content/m09-search-retrieval.js,e3b0c44298fc,0,0,3,N/A,"N/A",3,Ved Gupta / AI synthesis,commit:9b59485,1.0,1.0,0.9,0.3,0.2,0.3,LOW,RED,REORGANIZE_INTO_TRACKS_AND_ADD_PROVENANCE,Implementation Agent,2026-10-03,"Requires relocation into new 6-Track competency architecture to eliminate 1:1 Fanout taxonomy risk while retaining rich original technical prose."
stop-words-and-champion-lists,lesson,learning-search-retrieval,09.6,"Stop words and champion lists",data/content/m09-search-retrieval.js,590d8affdef3,1,3,3,N/A,"N/A",3,Ved Gupta / AI synthesis,commit:9b59485,1.0,1.0,0.9,0.3,0.2,0.3,LOW,RED,REORGANIZE_INTO_TRACKS_AND_ADD_PROVENANCE,Implementation Agent,2026-10-03,"Requires relocation into new 6-Track competency architecture to eliminate 1:1 Fanout taxonomy risk while retaining rich original technical prose."
query-understanding-pipeline,lesson,learning-search-retrieval,09.7,"Query understanding pipeline",data/content/m09-search-retrieval.js,e3b0c44298fc,1,0,3,N/A,"N/A",3,Ved Gupta / AI synthesis,commit:9b59485,1.0,1.0,0.9,0.3,0.2,0.3,LOW,RED,REORGANIZE_INTO_TRACKS_AND_ADD_PROVENANCE,Implementation Agent,2026-10-03,"Requires relocation into new 6-Track competency architecture to eliminate 1:1 Fanout taxonomy risk while retaining rich original technical prose."
search-feedback-and-relevance-signals,lesson,learning-search-retrieval,09.8,"Search feedback and relevance signals",data/content/m09-search-retrieval.js,e3b0c44298fc,0,0,3,N/A,"N/A",3,Ved Gupta / AI synthesis,commit:9b59485,1.0,1.0,0.9,0.3,0.2,0.3,LOW,RED,REORGANIZE_INTO_TRACKS_AND_ADD_PROVENANCE,Implementation Agent,2026-10-03,"Requires relocation into new 6-Track competency architecture to eliminate 1:1 Fanout taxonomy risk while retaining rich original technical prose."
search-evaluation-metrics,lesson,learning-search-retrieval,09.9,"Search evaluation metrics",data/content/m09-search-retrieval.js,e3b0c44298fc,0,0,3,N/A,"N/A",4,Ved Gupta / AI synthesis,commit:9b59485,1.0,1.0,0.9,0.3,0.2,0.3,LOW,RED,REORGANIZE_INTO_TRACKS_AND_ADD_PROVENANCE,Implementation Agent,2026-10-03,"Requires relocation into new 6-Track competency architecture to eliminate 1:1 Fanout taxonomy risk while retaining rich original technical prose."
search-index-synchronization,lesson,learning-search-retrieval,09.10,"Search index synchronization",data/content/m09-search-retrieval.js,e3b0c44298fc,1,0,3,N/A,"N/A",6,Ved Gupta / AI synthesis,commit:9b59485,1.0,1.0,0.9,0.3,0.2,0.3,LOW,RED,REORGANIZE_INTO_TRACKS_AND_ADD_PROVENANCE,Implementation Agent,2026-10-03,"Requires relocation into new 6-Track competency architecture to eliminate 1:1 Fanout taxonomy risk while retaining rich original technical prose."
search-index-sharding,lesson,learning-search-retrieval,09.11,"Search index sharding",data/content/m09-search-retrieval.js,e3b0c44298fc,1,0,3,N/A,"N/A",7,Ved Gupta / AI synthesis,commit:9b59485,1.0,1.0,0.9,0.3,0.2,0.3,LOW,RED,REORGANIZE_INTO_TRACKS_AND_ADD_PROVENANCE,Implementation Agent,2026-10-03,"Requires relocation into new 6-Track competency architecture to eliminate 1:1 Fanout taxonomy risk while retaining rich original technical prose."
crawler-and-indexing-pipeline,lesson,learning-search-retrieval,09.12,"Crawler and indexing pipeline",data/content/m09-search-retrieval.js,e3b0c44298fc,1,0,3,N/A,"N/A",6,Ved Gupta / AI synthesis,commit:9b59485,1.0,1.0,0.9,0.3,0.2,0.3,LOW,RED,REORGANIZE_INTO_TRACKS_AND_ADD_PROVENANCE,Implementation Agent,2026-10-03,"Requires relocation into new 6-Track competency architecture to eliminate 1:1 Fanout taxonomy risk while retaining rich original technical prose."
vector-search-and-hybrid-retrieval,lesson,learning-search-retrieval,09.13,"Vector search and hybrid retrieval",data/content/m09-search-retrieval.js,e3b0c44298fc,1,0,3,N/A,"N/A",7,Ved Gupta / AI synthesis,commit:9b59485,1.0,1.0,0.9,0.3,0.2,0.3,LOW,RED,REORGANIZE_INTO_TRACKS_AND_ADD_PROVENANCE,Implementation Agent,2026-10-03,"Requires relocation into new 6-Track competency architecture to eliminate 1:1 Fanout taxonomy risk while retaining rich original technical prose."
autocomplete-system-design,design,learning-search-retrieval,09.14,"Design: autocomplete",data/content/m09-search-retrieval.js,e3b0c44298fc,3,0,3,N/A,"N/A",7,Ved Gupta / AI synthesis,commit:9b59485,1.0,1.0,0.9,0.3,0.2,0.3,LOW,RED,REORGANIZE_INTO_TRACKS_AND_ADD_PROVENANCE,Implementation Agent,2026-10-03,"Requires relocation into new 6-Track competency architecture to eliminate 1:1 Fanout taxonomy risk while retaining rich original technical prose."
did-you-mean-and-spell-correction,design,learning-search-retrieval,09.15,"Design: did-you-mean and spell correction",data/content/m09-search-retrieval.js,e3b0c44298fc,1,0,3,N/A,"N/A",9,Ved Gupta / AI synthesis,commit:9b59485,1.0,1.0,0.9,0.3,0.2,0.3,LOW,RED,REORGANIZE_INTO_TRACKS_AND_ADD_PROVENANCE,Implementation Agent,2026-10-03,"Requires relocation into new 6-Track competency architecture to eliminate 1:1 Fanout taxonomy risk while retaining rich original technical prose."
related-searches,design,learning-search-retrieval,09.16,"Design: related searches",data/content/m09-search-retrieval.js,e3b0c44298fc,1,0,3,N/A,"N/A",8,Ved Gupta / AI synthesis,commit:9b59485,1.0,1.0,0.9,0.3,0.2,0.3,LOW,RED,REORGANIZE_INTO_TRACKS_AND_ADD_PROVENANCE,Implementation Agent,2026-10-03,"Requires relocation into new 6-Track competency architecture to eliminate 1:1 Fanout taxonomy risk while retaining rich original technical prose."
recent-searches-system-design,design,learning-search-retrieval,09.17,"Design: recent searches",data/content/m09-search-retrieval.js,e3b0c44298fc,2,0,3,N/A,"N/A",9,Ved Gupta / AI synthesis,commit:9b59485,1.0,1.0,0.9,0.3,0.2,0.3,LOW,RED,REORGANIZE_INTO_TRACKS_AND_ADD_PROVENANCE,Implementation Agent,2026-10-03,"Requires relocation into new 6-Track competency architecture to eliminate 1:1 Fanout taxonomy risk while retaining rich original technical prose."
counting-at-scale,lesson,learning-analytics-sketches,10.1,"Counting at scale",data/content/m10-analytics-sketches.js,e3b0c44298fc,1,0,3,N/A,"N/A",6,Ved Gupta / AI synthesis,commit:9b59485,1.0,1.0,0.9,0.3,0.2,0.3,LOW,RED,REORGANIZE_INTO_TRACKS_AND_ADD_PROVENANCE,Implementation Agent,2026-10-03,"Requires relocation into new 6-Track competency architecture to eliminate 1:1 Fanout taxonomy risk while retaining rich original technical prose."
view-counting-at-scale,lesson,learning-analytics-sketches,10.2,"View counting at scale",data/content/m10-analytics-sketches.js,e3b0c44298fc,1,0,3,N/A,"N/A",7,Ved Gupta / AI synthesis,commit:9b59485,1.0,1.0,0.9,0.3,0.2,0.3,LOW,RED,REORGANIZE_INTO_TRACKS_AND_ADD_PROVENANCE,Implementation Agent,2026-10-03,"Requires relocation into new 6-Track competency architecture to eliminate 1:1 Fanout taxonomy risk while retaining rich original technical prose."
impression-counting-system-design,lesson,learning-analytics-sketches,10.3,"Impression counting",data/content/m10-analytics-sketches.js,e3b0c44298fc,1,0,3,N/A,"N/A",7,Ved Gupta / AI synthesis,commit:9b59485,1.0,1.0,0.9,0.3,0.2,0.3,LOW,RED,REORGANIZE_INTO_TRACKS_AND_ADD_PROVENANCE,Implementation Agent,2026-10-03,"Requires relocation into new 6-Track competency architecture to eliminate 1:1 Fanout taxonomy risk while retaining rich original technical prose."
hyperloglog-cardinality-estimation,lesson,learning-analytics-sketches,10.4,"HyperLogLog cardinality estimation",data/content/m10-analytics-sketches.js,e3b0c44298fc,0,0,3,N/A,"N/A",4,Ved Gupta / AI synthesis,commit:9b59485,1.0,1.0,0.9,0.3,0.2,0.3,LOW,RED,REORGANIZE_INTO_TRACKS_AND_ADD_PROVENANCE,Implementation Agent,2026-10-03,"Requires relocation into new 6-Track competency architecture to eliminate 1:1 Fanout taxonomy risk while retaining rich original technical prose."
mergeable-sketches-for-analytics,lesson,learning-analytics-sketches,10.5,"Mergeable sketches for analytics",data/content/m10-analytics-sketches.js,503a320015a9,1,6,3,N/A,"N/A",6,Ved Gupta / AI synthesis,commit:9b59485,1.0,1.0,0.9,0.3,0.2,0.3,LOW,RED,REORGANIZE_INTO_TRACKS_AND_ADD_PROVENANCE,Implementation Agent,2026-10-03,"Requires relocation into new 6-Track competency architecture to eliminate 1:1 Fanout taxonomy risk while retaining rich original technical prose."
bucketed-time-window-aggregation,lesson,learning-analytics-sketches,10.6,"Bucketed time-window aggregation",data/content/m10-analytics-sketches.js,e3b0c44298fc,1,0,3,N/A,"N/A",5,Ved Gupta / AI synthesis,commit:9b59485,1.0,1.0,0.9,0.3,0.2,0.3,LOW,RED,REORGANIZE_INTO_TRACKS_AND_ADD_PROVENANCE,Implementation Agent,2026-10-03,"Requires relocation into new 6-Track competency architecture to eliminate 1:1 Fanout taxonomy risk while retaining rich original technical prose."
raw-events-vs-derived-analytics,lesson,learning-analytics-sketches,10.7,"Raw events vs derived analytics",data/content/m10-analytics-sketches.js,e3b0c44298fc,1,0,3,N/A,"N/A",5,Ved Gupta / AI synthesis,commit:9b59485,1.0,1.0,0.9,0.3,0.2,0.3,LOW,RED,REORGANIZE_INTO_TRACKS_AND_ADD_PROVENANCE,Implementation Agent,2026-10-03,"Requires relocation into new 6-Track competency architecture to eliminate 1:1 Fanout taxonomy risk while retaining rich original technical prose."
count-min-sketch,lesson,learning-analytics-sketches,10.8,"Count-min sketch",data/content/m10-analytics-sketches.js,e3b0c44298fc,0,0,3,N/A,"N/A",4,Ved Gupta / AI synthesis,commit:9b59485,1.0,1.0,0.9,0.3,0.2,0.3,LOW,RED,REORGANIZE_INTO_TRACKS_AND_ADD_PROVENANCE,Implementation Agent,2026-10-03,"Requires relocation into new 6-Track competency architecture to eliminate 1:1 Fanout taxonomy risk while retaining rich original technical prose."
top-k-heavy-hitters,lesson,learning-analytics-sketches,10.9,"Top-k heavy hitters",data/content/m10-analytics-sketches.js,e3b0c44298fc,1,0,3,N/A,"N/A",4,Ved Gupta / AI synthesis,commit:9b59485,1.0,1.0,0.9,0.3,0.2,0.3,LOW,RED,REORGANIZE_INTO_TRACKS_AND_ADD_PROVENANCE,Implementation Agent,2026-10-03,"Requires relocation into new 6-Track competency architecture to eliminate 1:1 Fanout taxonomy risk while retaining rich original technical prose."
reservoir-sampling,lesson,learning-analytics-sketches,10.10,"Reservoir sampling",data/content/m10-analytics-sketches.js,e3b0c44298fc,0,0,3,N/A,"N/A",3,Ved Gupta / AI synthesis,commit:9b59485,1.0,1.0,0.9,0.3,0.2,0.3,LOW,RED,REORGANIZE_INTO_TRACKS_AND_ADD_PROVENANCE,Implementation Agent,2026-10-03,"Requires relocation into new 6-Track competency architecture to eliminate 1:1 Fanout taxonomy risk while retaining rich original technical prose."
tdigest-quantile-sketch,lesson,learning-analytics-sketches,10.11,"t-digest quantile sketch",data/content/m10-analytics-sketches.js,d9bcd5b559a8,0,2,3,N/A,"N/A",5,Ved Gupta / AI synthesis,commit:9b59485,1.0,1.0,0.9,0.3,0.2,0.3,LOW,RED,REORGANIZE_INTO_TRACKS_AND_ADD_PROVENANCE,Implementation Agent,2026-10-03,"Requires relocation into new 6-Track competency architecture to eliminate 1:1 Fanout taxonomy risk while retaining rich original technical prose."
streaming-percentile-analytics,lesson,learning-analytics-sketches,10.12,"Streaming percentile analytics",data/content/m10-analytics-sketches.js,e3b0c44298fc,1,0,3,N/A,"N/A",5,Ved Gupta / AI synthesis,commit:9b59485,1.0,1.0,0.9,0.3,0.2,0.3,LOW,RED,REORGANIZE_INTO_TRACKS_AND_ADD_PROVENANCE,Implementation Agent,2026-10-03,"Requires relocation into new 6-Track competency architecture to eliminate 1:1 Fanout taxonomy risk while retaining rich original technical prose."
live-reactions-high-throughput-design,design,learning-analytics-sketches,10.13,"Design: live reactions at high throughput",data/content/m10-analytics-sketches.js,e3b0c44298fc,2,0,3,N/A,"N/A",7,Ved Gupta / AI synthesis,commit:9b59485,1.0,1.0,0.9,0.3,0.2,0.3,LOW,RED,REORGANIZE_INTO_TRACKS_AND_ADD_PROVENANCE,Implementation Agent,2026-10-03,"Requires relocation into new 6-Track competency architecture to eliminate 1:1 Fanout taxonomy risk while retaining rich original technical prose."
realtime-database-and-websocket-scaling,lesson,learning-realtime-social,11.1,"Realtime database and WebSocket scaling",data/content/m11-realtime-social.js,e3b0c44298fc,1,0,3,N/A,"N/A",7,Ved Gupta / AI synthesis,commit:9b59485,1.0,1.0,0.9,0.3,0.2,0.3,LOW,RED,REORGANIZE_INTO_TRACKS_AND_ADD_PROVENANCE,Implementation Agent,2026-10-03,"Requires relocation into new 6-Track competency architecture to eliminate 1:1 Fanout taxonomy risk while retaining rich original technical prose."
websockets-vs-sse-vs-long-polling,lesson,learning-realtime-social,11.2,"WebSockets vs SSE vs long polling",data/content/m11-realtime-social.js,e3b0c44298fc,1,0,3,N/A,"N/A",7,Ved Gupta / AI synthesis,commit:9b59485,1.0,1.0,0.9,0.3,0.2,0.3,LOW,RED,REORGANIZE_INTO_TRACKS_AND_ADD_PROVENANCE,Implementation Agent,2026-10-03,"Requires relocation into new 6-Track competency architecture to eliminate 1:1 Fanout taxonomy risk while retaining rich original technical prose."
social-network-database-modeling,lesson,learning-realtime-social,11.3,"Social network database modeling",data/content/m11-realtime-social.js,e3b0c44298fc,1,0,3,N/A,"N/A",6,Ved Gupta / AI synthesis,commit:9b59485,1.0,1.0,0.9,0.3,0.2,0.3,LOW,RED,REORGANIZE_INTO_TRACKS_AND_ADD_PROVENANCE,Implementation Agent,2026-10-03,"Requires relocation into new 6-Track competency architecture to eliminate 1:1 Fanout taxonomy risk while retaining rich original technical prose."
social-graph-follows-and-flockdb,lesson,learning-realtime-social,11.4,"Social graph: follows and FlockDB",data/content/m11-realtime-social.js,f278189aea75,1,4,3,N/A,"N/A",6,Ved Gupta / AI synthesis,commit:9b59485,1.0,1.0,0.9,0.3,0.2,0.3,LOW,RED,REORGANIZE_INTO_TRACKS_AND_ADD_PROVENANCE,Implementation Agent,2026-10-03,"Requires relocation into new 6-Track competency architecture to eliminate 1:1 Fanout taxonomy risk while retaining rich original technical prose."
feed-generation-push-pull-hybrid,lesson,learning-realtime-social,11.5,"Feed generation: push, pull, hybrid",data/content/m11-realtime-social.js,e3b0c44298fc,1,0,3,N/A,"N/A",6,Ved Gupta / AI synthesis,commit:9b59485,1.0,1.0,0.9,0.3,0.2,0.3,LOW,RED,REORGANIZE_INTO_TRACKS_AND_ADD_PROVENANCE,Implementation Agent,2026-10-03,"Requires relocation into new 6-Track competency architecture to eliminate 1:1 Fanout taxonomy risk while retaining rich original technical prose."
newly-unread-indicator,design,learning-realtime-social,11.6,"Design: a newly-unread indicator",data/content/m11-realtime-social.js,bbc23be83211,2,7,3,N/A,"N/A",6,Ved Gupta / AI synthesis,commit:9b59485,1.0,1.0,0.9,0.3,0.2,0.3,LOW,RED,REORGANIZE_INTO_TRACKS_AND_ADD_PROVENANCE,Implementation Agent,2026-10-03,"Requires relocation into new 6-Track competency architecture to eliminate 1:1 Fanout taxonomy risk while retaining rich original technical prose."
hashtag-extraction-and-tag-store,lesson,learning-realtime-social,11.7,"Hashtag extraction and tag store",data/content/m11-realtime-social.js,e3b0c44298fc,1,0,3,N/A,"N/A",7,Ved Gupta / AI synthesis,commit:9b59485,1.0,1.0,0.9,0.3,0.2,0.3,LOW,RED,REORGANIZE_INTO_TRACKS_AND_ADD_PROVENANCE,Implementation Agent,2026-10-03,"Requires relocation into new 6-Track competency architecture to eliminate 1:1 Fanout taxonomy risk while retaining rich original technical prose."
reaction-modeling,lesson,learning-realtime-social,11.8,"Reaction modeling",data/content/m11-realtime-social.js,e3b0c44298fc,0,0,3,N/A,"N/A",7,Ved Gupta / AI synthesis,commit:9b59485,1.0,1.0,0.9,0.3,0.2,0.3,LOW,RED,REORGANIZE_INTO_TRACKS_AND_ADD_PROVENANCE,Implementation Agent,2026-10-03,"Requires relocation into new 6-Track competency architecture to eliminate 1:1 Fanout taxonomy risk while retaining rich original technical prose."
photo-tagging-coordinate-model,design,learning-realtime-social,11.9,"Design: photo tagging coordinates",data/content/m11-realtime-social.js,49395a09bc7b,2,8,3,N/A,"N/A",5,Ved Gupta / AI synthesis,commit:9b59485,1.0,1.0,0.9,0.3,0.2,0.3,LOW,RED,REORGANIZE_INTO_TRACKS_AND_ADD_PROVENANCE,Implementation Agent,2026-10-03,"Requires relocation into new 6-Track competency architecture to eliminate 1:1 Fanout taxonomy risk while retaining rich original technical prose."
live-commentary-system-design,design,learning-realtime-social,11.10,"Design: live commentary",data/content/m11-realtime-social.js,e3b0c44298fc,3,0,3,N/A,"N/A",8,Ved Gupta / AI synthesis,commit:9b59485,1.0,1.0,0.9,0.3,0.2,0.3,LOW,RED,REORGANIZE_INTO_TRACKS_AND_ADD_PROVENANCE,Implementation Agent,2026-10-03,"Requires relocation into new 6-Track competency architecture to eliminate 1:1 Fanout taxonomy risk while retaining rich original technical prose."
nearby-geospatial-search-system-design,lesson,learning-geo-matching,12.1,"Nearby geospatial search",data/content/m12-geo-matching.js,e3b0c44298fc,1,0,3,N/A,"N/A",6,Ved Gupta / AI synthesis,commit:9b59485,1.0,1.0,0.9,0.3,0.2,0.3,LOW,RED,REORGANIZE_INTO_TRACKS_AND_ADD_PROVENANCE,Implementation Agent,2026-10-03,"Requires relocation into new 6-Track competency architecture to eliminate 1:1 Fanout taxonomy risk while retaining rich original technical prose."
geohash-prefix-spatial-index,lesson,learning-geo-matching,12.2,"Geohash prefix spatial index",data/content/m12-geo-matching.js,e3b0c44298fc,0,0,3,N/A,"N/A",5,Ved Gupta / AI synthesis,commit:9b59485,1.0,1.0,0.9,0.3,0.2,0.3,LOW,RED,REORGANIZE_INTO_TRACKS_AND_ADD_PROVENANCE,Implementation Agent,2026-10-03,"Requires relocation into new 6-Track competency architecture to eliminate 1:1 Fanout taxonomy risk while retaining rich original technical prose."
geospatial-grid-systems-h3-s2-geohash,lesson,learning-geo-matching,12.3,"Grid systems: H3, S2, geohash",data/content/m12-geo-matching.js,e3b0c44298fc,0,0,3,N/A,"N/A",11,Ved Gupta / AI synthesis,commit:9b59485,1.0,1.0,0.9,0.3,0.2,0.3,LOW,RED,REORGANIZE_INTO_TRACKS_AND_ADD_PROVENANCE,Implementation Agent,2026-10-03,"Requires relocation into new 6-Track competency architecture to eliminate 1:1 Fanout taxonomy risk while retaining rich original technical prose."
redis-geo-spatial-hot-path,lesson,learning-geo-matching,12.4,"Redis GEO hot path",data/content/m12-geo-matching.js,e3b0c44298fc,1,0,3,N/A,"N/A",7,Ved Gupta / AI synthesis,commit:9b59485,1.0,1.0,0.9,0.3,0.2,0.3,LOW,RED,REORGANIZE_INTO_TRACKS_AND_ADD_PROVENANCE,Implementation Agent,2026-10-03,"Requires relocation into new 6-Track competency architecture to eliminate 1:1 Fanout taxonomy risk while retaining rich original technical prose."
geofencing-point-in-polygon,lesson,learning-geo-matching,12.5,"Geofencing: point in polygon",data/content/m12-geo-matching.js,e3b0c44298fc,1,0,3,N/A,"N/A",4,Ved Gupta / AI synthesis,commit:9b59485,1.0,1.0,0.9,0.3,0.2,0.3,LOW,RED,REORGANIZE_INTO_TRACKS_AND_ADD_PROVENANCE,Implementation Agent,2026-10-03,"Requires relocation into new 6-Track competency architecture to eliminate 1:1 Fanout taxonomy risk while retaining rich original technical prose."
ray-casting-point-in-polygon,lesson,learning-geo-matching,12.6,"Ray casting point in polygon",data/content/m12-geo-matching.js,e3b0c44298fc,0,0,3,N/A,"N/A",5,Ved Gupta / AI synthesis,commit:9b59485,1.0,1.0,0.9,0.3,0.2,0.3,LOW,RED,REORGANIZE_INTO_TRACKS_AND_ADD_PROVENANCE,Implementation Agent,2026-10-03,"Requires relocation into new 6-Track competency architecture to eliminate 1:1 Fanout taxonomy risk while retaining rich original technical prose."
seen-filtering-bloom-vs-exact-sets,lesson,learning-geo-matching,12.7,"Seen filtering: Bloom vs exact sets",data/content/m12-geo-matching.js,e3b0c44298fc,1,0,3,N/A,"N/A",6,Ved Gupta / AI synthesis,commit:9b59485,1.0,1.0,0.9,0.3,0.2,0.3,LOW,RED,REORGANIZE_INTO_TRACKS_AND_ADD_PROVENANCE,Implementation Agent,2026-10-03,"Requires relocation into new 6-Track competency architecture to eliminate 1:1 Fanout taxonomy risk while retaining rich original technical prose."
matching-and-recommendation-algorithms,lesson,learning-geo-matching,12.8,"Matching and recommendation algorithms",data/content/m12-geo-matching.js,e3b0c44298fc,1,0,3,N/A,"N/A",7,Ved Gupta / AI synthesis,commit:9b59485,1.0,1.0,0.9,0.3,0.2,0.3,LOW,RED,REORGANIZE_INTO_TRACKS_AND_ADD_PROVENANCE,Implementation Agent,2026-10-03,"Requires relocation into new 6-Track competency architecture to eliminate 1:1 Fanout taxonomy risk while retaining rich original technical prose."
direct-to-object-storage-upload,lesson,learning-media-files,13.1,"Direct-to-object-storage upload",data/content/m13-media-files.js,e3b0c44298fc,1,0,3,N/A,"N/A",6,Ved Gupta / AI synthesis,commit:9b59485,1.0,1.0,0.9,0.3,0.2,0.3,LOW,RED,REORGANIZE_INTO_TRACKS_AND_ADD_PROVENANCE,Implementation Agent,2026-10-03,"Requires relocation into new 6-Track competency architecture to eliminate 1:1 Fanout taxonomy risk while retaining rich original technical prose."
image-cdn-and-resizing,lesson,learning-media-files,13.2,"Image CDN and resizing",data/content/m13-media-files.js,e3b0c44298fc,1,0,3,N/A,"N/A",7,Ved Gupta / AI synthesis,commit:9b59485,1.0,1.0,0.9,0.3,0.2,0.3,LOW,RED,REORGANIZE_INTO_TRACKS_AND_ADD_PROVENANCE,Implementation Agent,2026-10-03,"Requires relocation into new 6-Track competency architecture to eliminate 1:1 Fanout taxonomy risk while retaining rich original technical prose."
gravatar-style-avatar-service,lesson,learning-media-files,13.3,"An avatar service",data/content/m13-media-files.js,e3b0c44298fc,1,0,3,N/A,"N/A",4,Ved Gupta / AI synthesis,commit:9b59485,1.0,1.0,0.9,0.3,0.2,0.3,LOW,RED,REORGANIZE_INTO_TRACKS_AND_ADD_PROVENANCE,Implementation Agent,2026-10-03,"Requires relocation into new 6-Track competency architecture to eliminate 1:1 Fanout taxonomy risk while retaining rich original technical prose."
video-upload-signed-url-multipart,lesson,learning-media-files,13.4,"Video upload: signed URLs and multipart",data/content/m13-media-files.js,e3b0c44298fc,1,0,3,N/A,"N/A",5,Ved Gupta / AI synthesis,commit:9b59485,1.0,1.0,0.9,0.3,0.2,0.3,LOW,RED,REORGANIZE_INTO_TRACKS_AND_ADD_PROVENANCE,Implementation Agent,2026-10-03,"Requires relocation into new 6-Track competency architecture to eliminate 1:1 Fanout taxonomy risk while retaining rich original technical prose."
video-transcoding-pipeline,lesson,learning-media-files,13.5,"Video transcoding pipeline",data/content/m13-media-files.js,e3b0c44298fc,1,0,3,N/A,"N/A",6,Ved Gupta / AI synthesis,commit:9b59485,1.0,1.0,0.9,0.3,0.2,0.3,LOW,RED,REORGANIZE_INTO_TRACKS_AND_ADD_PROVENANCE,Implementation Agent,2026-10-03,"Requires relocation into new 6-Track competency architecture to eliminate 1:1 Fanout taxonomy risk while retaining rich original technical prose."
adaptive-bitrate-and-cdn-decider,lesson,learning-media-files,13.6,"Adaptive bitrate and the CDN decider",data/content/m13-media-files.js,dbb6122f1526,1,3,3,N/A,"N/A",5,Ved Gupta / AI synthesis,commit:9b59485,1.0,1.0,0.9,0.3,0.2,0.3,LOW,RED,REORGANIZE_INTO_TRACKS_AND_ADD_PROVENANCE,Implementation Agent,2026-10-03,"Requires relocation into new 6-Track competency architecture to eliminate 1:1 Fanout taxonomy risk while retaining rich original technical prose."
signed-urls-drm-and-video-security,lesson,learning-media-files,13.7,"Signed URLs, DRM, and video security",data/content/m13-media-files.js,e3b0c44298fc,1,0,3,N/A,"N/A",7,Ved Gupta / AI synthesis,commit:9b59485,1.0,1.0,0.9,0.3,0.2,0.3,LOW,RED,REORGANIZE_INTO_TRACKS_AND_ADD_PROVENANCE,Implementation Agent,2026-10-03,"Requires relocation into new 6-Track competency architecture to eliminate 1:1 Fanout taxonomy risk while retaining rich original technical prose."
live-streaming-webrtc-and-latency,lesson,learning-media-files,13.8,"Live streaming, WebRTC, and latency",data/content/m13-media-files.js,e3b0c44298fc,1,0,3,N/A,"N/A",8,Ved Gupta / AI synthesis,commit:9b59485,1.0,1.0,0.9,0.3,0.2,0.3,LOW,RED,REORGANIZE_INTO_TRACKS_AND_ADD_PROVENANCE,Implementation Agent,2026-10-03,"Requires relocation into new 6-Track competency architecture to eliminate 1:1 Fanout taxonomy risk while retaining rich original technical prose."
remote-file-sync-design,lesson,learning-media-files,13.9,"Remote file sync design",data/content/m13-media-files.js,e3b0c44298fc,1,0,3,N/A,"N/A",4,Ved Gupta / AI synthesis,commit:9b59485,1.0,1.0,0.9,0.3,0.2,0.3,LOW,RED,REORGANIZE_INTO_TRACKS_AND_ADD_PROVENANCE,Implementation Agent,2026-10-03,"Requires relocation into new 6-Track competency architecture to eliminate 1:1 Fanout taxonomy risk while retaining rich original technical prose."
fixed-block-chunking-and-content-addressing,lesson,learning-media-files,13.10,"Fixed-block chunking and content addressing",data/content/m13-media-files.js,e3b0c44298fc,0,0,3,N/A,"N/A",5,Ved Gupta / AI synthesis,commit:9b59485,1.0,1.0,0.9,0.3,0.2,0.3,LOW,RED,REORGANIZE_INTO_TRACKS_AND_ADD_PROVENANCE,Implementation Agent,2026-10-03,"Requires relocation into new 6-Track competency architecture to eliminate 1:1 Fanout taxonomy risk while retaining rich original technical prose."
blocklist-versioned-file-metadata,lesson,learning-media-files,13.11,"Blocklist versioned file metadata",data/content/m13-media-files.js,89626ba54796,1,4,3,N/A,"N/A",8,Ved Gupta / AI synthesis,commit:9b59485,1.0,1.0,0.9,0.3,0.2,0.3,LOW,RED,REORGANIZE_INTO_TRACKS_AND_ADD_PROVENANCE,Implementation Agent,2026-10-03,"Requires relocation into new 6-Track competency architecture to eliminate 1:1 Fanout taxonomy risk while retaining rich original technical prose."
observability-for-distributed-systems,lesson,learning-reliability-ops,14.1,"Observability for distributed systems",data/content/m14-reliability-ops.js,e3b0c44298fc,1,0,3,N/A,"N/A",6,Ved Gupta / AI synthesis,commit:9b59485,1.0,1.0,0.9,0.3,0.2,0.3,LOW,RED,REORGANIZE_INTO_TRACKS_AND_ADD_PROVENANCE,Implementation Agent,2026-10-03,"Requires relocation into new 6-Track competency architecture to eliminate 1:1 Fanout taxonomy risk while retaining rich original technical prose."
slos-and-error-budgets,lesson,learning-reliability-ops,14.2,"SLOs and error budgets",data/content/m14-reliability-ops.js,e3b0c44298fc,0,0,3,N/A,"N/A",4,Ved Gupta / AI synthesis,commit:9b59485,1.0,1.0,0.9,0.3,0.2,0.3,LOW,RED,REORGANIZE_INTO_TRACKS_AND_ADD_PROVENANCE,Implementation Agent,2026-10-03,"Requires relocation into new 6-Track competency architecture to eliminate 1:1 Fanout taxonomy risk while retaining rich original technical prose."
incident-response,lesson,learning-reliability-ops,14.3,"Incident response",data/content/m14-reliability-ops.js,e3b0c44298fc,1,0,3,N/A,"N/A",6,Ved Gupta / AI synthesis,commit:9b59485,1.0,1.0,0.9,0.3,0.2,0.3,LOW,RED,REORGANIZE_INTO_TRACKS_AND_ADD_PROVENANCE,Implementation Agent,2026-10-03,"Requires relocation into new 6-Track competency architecture to eliminate 1:1 Fanout taxonomy risk while retaining rich original technical prose."
deployment-and-migration-safety,lesson,learning-reliability-ops,14.4,"Deployment and migration safety",data/content/m14-reliability-ops.js,e3b0c44298fc,1,0,3,N/A,"N/A",5,Ved Gupta / AI synthesis,commit:9b59485,1.0,1.0,0.9,0.3,0.2,0.3,LOW,RED,REORGANIZE_INTO_TRACKS_AND_ADD_PROVENANCE,Implementation Agent,2026-10-03,"Requires relocation into new 6-Track competency architecture to eliminate 1:1 Fanout taxonomy risk while retaining rich original technical prose."
database-migration-safety,lesson,learning-reliability-ops,14.5,"Database migration safety",data/content/m14-reliability-ops.js,e3b0c44298fc,0,0,3,N/A,"N/A",9,Ved Gupta / AI synthesis,commit:9b59485,1.0,1.0,0.9,0.3,0.2,0.3,LOW,RED,REORGANIZE_INTO_TRACKS_AND_ADD_PROVENANCE,Implementation Agent,2026-10-03,"Requires relocation into new 6-Track competency architecture to eliminate 1:1 Fanout taxonomy risk while retaining rich original technical prose."
parallel-monolith-read-drain,lesson,learning-reliability-ops,14.6,"Parallel monolith read drain",data/content/m14-reliability-ops.js,f4472bdac546,1,3,3,N/A,"N/A",6,Ved Gupta / AI synthesis,commit:9b59485,1.0,1.0,0.9,0.3,0.2,0.3,LOW,RED,REORGANIZE_INTO_TRACKS_AND_ADD_PROVENANCE,Implementation Agent,2026-10-03,"Requires relocation into new 6-Track competency architecture to eliminate 1:1 Fanout taxonomy risk while retaining rich original technical prose."
database-backups-and-restore,lesson,learning-reliability-ops,14.7,"Backups and restore",data/content/m14-reliability-ops.js,e3b0c44298fc,1,0,3,N/A,"N/A",7,Ved Gupta / AI synthesis,commit:9b59485,1.0,1.0,0.9,0.3,0.2,0.3,LOW,RED,REORGANIZE_INTO_TRACKS_AND_ADD_PROVENANCE,Implementation Agent,2026-10-03,"Requires relocation into new 6-Track competency architecture to eliminate 1:1 Fanout taxonomy risk while retaining rich original technical prose."
disaster-recovery,lesson,learning-reliability-ops,14.8,"Disaster recovery",data/content/m14-reliability-ops.js,e3b0c44298fc,1,0,3,N/A,"N/A",7,Ved Gupta / AI synthesis,commit:9b59485,1.0,1.0,0.9,0.3,0.2,0.3,LOW,RED,REORGANIZE_INTO_TRACKS_AND_ADD_PROVENANCE,Implementation Agent,2026-10-03,"Requires relocation into new 6-Track competency architecture to eliminate 1:1 Fanout taxonomy risk while retaining rich original technical prose."
data-retention-and-deletion,lesson,learning-reliability-ops,14.9,"Data retention, deletion, and privacy",data/content/m14-reliability-ops.js,e3b0c44298fc,1,0,3,N/A,"N/A",8,Ved Gupta / AI synthesis,commit:9b59485,1.0,1.0,0.9,0.3,0.2,0.3,LOW,RED,REORGANIZE_INTO_TRACKS_AND_ADD_PROVENANCE,Implementation Agent,2026-10-03,"Requires relocation into new 6-Track competency architecture to eliminate 1:1 Fanout taxonomy risk while retaining rich original technical prose."
security-and-abuse-prevention,lesson,learning-reliability-ops,14.10,"Security and abuse prevention",data/content/m14-reliability-ops.js,e3b0c44298fc,1,0,3,N/A,"N/A",9,Ved Gupta / AI synthesis,commit:9b59485,1.0,1.0,0.9,0.3,0.2,0.3,LOW,RED,REORGANIZE_INTO_TRACKS_AND_ADD_PROVENANCE,Implementation Agent,2026-10-03,"Requires relocation into new 6-Track competency architecture to eliminate 1:1 Fanout taxonomy risk while retaining rich original technical prose."
rate-limiter-placement-and-keys,lesson,learning-reliability-ops,14.11,"Rate limiter placement and keys",data/content/m14-reliability-ops.js,e3b0c44298fc,1,0,3,N/A,"N/A",8,Ved Gupta / AI synthesis,commit:9b59485,1.0,1.0,0.9,0.3,0.2,0.3,LOW,RED,REORGANIZE_INTO_TRACKS_AND_ADD_PROVENANCE,Implementation Agent,2026-10-03,"Requires relocation into new 6-Track competency architecture to eliminate 1:1 Fanout taxonomy risk while retaining rich original technical prose."
sliding-window-rate-limiter,lesson,learning-reliability-ops,14.12,"Sliding window rate limiter",data/content/m14-reliability-ops.js,e3b0c44298fc,0,0,3,N/A,"N/A",7,Ved Gupta / AI synthesis,commit:9b59485,1.0,1.0,0.9,0.3,0.2,0.3,LOW,RED,REORGANIZE_INTO_TRACKS_AND_ADD_PROVENANCE,Implementation Agent,2026-10-03,"Requires relocation into new 6-Track competency architecture to eliminate 1:1 Fanout taxonomy risk while retaining rich original technical prose."
multi-tenant-design,lesson,learning-reliability-ops,14.13,"Multi-tenant design",data/content/m14-reliability-ops.js,e3b0c44298fc,1,0,3,N/A,"N/A",8,Ved Gupta / AI synthesis,commit:9b59485,1.0,1.0,0.9,0.3,0.2,0.3,LOW,RED,REORGANIZE_INTO_TRACKS_AND_ADD_PROVENANCE,Implementation Agent,2026-10-03,"Requires relocation into new 6-Track competency architecture to eliminate 1:1 Fanout taxonomy risk while retaining rich original technical prose."
url-shortener-system-design,design,design-services,15.1,"Design: a URL shortener, one machine",data/content/m15-services.js,e3b0c44298fc,3,0,3,N/A,"N/A",8,Ved Gupta / AI synthesis,commit:9b59485,1.0,1.0,0.9,0.3,0.2,0.3,LOW,RED,REORGANIZE_INTO_TRACKS_AND_ADD_PROVENANCE,Implementation Agent,2026-10-03,"Requires relocation into new 6-Track competency architecture to eliminate 1:1 Fanout taxonomy risk while retaining rich original technical prose."
rate-limiting-and-abuse-prevention-case-study,design,design-services,15.2,"Design: rate limiting and abuse prevention",data/content/m15-services.js,e3b0c44298fc,2,0,3,N/A,"N/A",13,Ved Gupta / AI synthesis,commit:9b59485,1.0,1.0,0.9,0.3,0.2,0.3,LOW,RED,REORGANIZE_INTO_TRACKS_AND_ADD_PROVENANCE,Implementation Agent,2026-10-03,"Requires relocation into new 6-Track competency architecture to eliminate 1:1 Fanout taxonomy risk while retaining rich original technical prose."
url-shortener-at-scale,design,design-services,15.3,"Design: a URL shortener at scale",data/content/m15-services.js,e3b0c44298fc,2,0,3,N/A,"N/A",12,Ved Gupta / AI synthesis,commit:9b59485,1.0,1.0,0.9,0.3,0.2,0.3,LOW,RED,REORGANIZE_INTO_TRACKS_AND_ADD_PROVENANCE,Implementation Agent,2026-10-03,"Requires relocation into new 6-Track competency architecture to eliminate 1:1 Fanout taxonomy risk while retaining rich original technical prose."
ecommerce-product-listing-system-design,design,design-services,15.4,"Design: a product listing",data/content/m15-services.js,e3b0c44298fc,3,0,3,N/A,"N/A",14,Ved Gupta / AI synthesis,commit:9b59485,1.0,1.0,0.9,0.3,0.2,0.3,LOW,RED,REORGANIZE_INTO_TRACKS_AND_ADD_PROVENANCE,Implementation Agent,2026-10-03,"Requires relocation into new 6-Track competency architecture to eliminate 1:1 Fanout taxonomy risk while retaining rich original technical prose."
collaborative-editing-system-design,design,design-services,15.5,"Design: a collaborative editor",data/content/m15-services.js,e3b0c44298fc,3,0,3,N/A,"N/A",24,Ved Gupta / AI synthesis,commit:9b59485,1.0,1.0,0.9,0.3,0.2,0.3,LOW,RED,REORGANIZE_INTO_TRACKS_AND_ADD_PROVENANCE,Implementation Agent,2026-10-03,"Requires relocation into new 6-Track competency architecture to eliminate 1:1 Fanout taxonomy risk while retaining rich original technical prose."
object-store-system-design,design,design-services,15.6,"Design: an object store (S3)",data/content/m15-services.js,e3b0c44298fc,2,0,3,N/A,"N/A",13,Ved Gupta / AI synthesis,commit:9b59485,1.0,1.0,0.9,0.3,0.2,0.3,LOW,RED,REORGANIZE_INTO_TRACKS_AND_ADD_PROVENANCE,Implementation Agent,2026-10-03,"Requires relocation into new 6-Track competency architecture to eliminate 1:1 Fanout taxonomy risk while retaining rich original technical prose."
partitioned-log-system-design,design,design-services,15.7,"Design: a Kafka-style log",data/content/m15-services.js,e3b0c44298fc,2,0,3,N/A,"N/A",13,Ved Gupta / AI synthesis,commit:9b59485,1.0,1.0,0.9,0.3,0.2,0.3,LOW,RED,REORGANIZE_INTO_TRACKS_AND_ADD_PROVENANCE,Implementation Agent,2026-10-03,"Requires relocation into new 6-Track competency architecture to eliminate 1:1 Fanout taxonomy risk while retaining rich original technical prose."
notification-system-design,design,design-products,16.1,"Design: a notification system",data/content/m16-products.js,932912748b9a,2,4,3,N/A,"N/A",12,Ved Gupta / AI synthesis,commit:9b59485,1.0,1.0,0.9,0.3,0.2,0.3,LOW,RED,REORGANIZE_INTO_TRACKS_AND_ADD_PROVENANCE,Implementation Agent,2026-10-03,"Requires relocation into new 6-Track competency architecture to eliminate 1:1 Fanout taxonomy risk while retaining rich original technical prose."
ticket-booking-system-design,design,design-products,16.2,"Design: a ticket booking system",data/content/m16-products.js,e3b0c44298fc,2,0,3,N/A,"N/A",13,Ved Gupta / AI synthesis,commit:9b59485,1.0,1.0,0.9,0.3,0.2,0.3,LOW,RED,REORGANIZE_INTO_TRACKS_AND_ADD_PROVENANCE,Implementation Agent,2026-10-03,"Requires relocation into new 6-Track competency architecture to eliminate 1:1 Fanout taxonomy risk while retaining rich original technical prose."
payment-system-design,design,design-products,16.3,"Design: a payment system",data/content/m16-products.js,e3b0c44298fc,2,0,3,N/A,"N/A",12,Ved Gupta / AI synthesis,commit:9b59485,1.0,1.0,0.9,0.3,0.2,0.3,LOW,RED,REORGANIZE_INTO_TRACKS_AND_ADD_PROVENANCE,Implementation Agent,2026-10-03,"Requires relocation into new 6-Track competency architecture to eliminate 1:1 Fanout taxonomy risk while retaining rich original technical prose."
search-engine-system-design,design,design-products,16.4,"Design: a search service",data/content/m16-products.js,e3b0c44298fc,2,0,3,N/A,"N/A",10,Ved Gupta / AI synthesis,commit:9b59485,1.0,1.0,0.9,0.3,0.2,0.3,LOW,RED,REORGANIZE_INTO_TRACKS_AND_ADD_PROVENANCE,Implementation Agent,2026-10-03,"Requires relocation into new 6-Track competency architecture to eliminate 1:1 Fanout taxonomy risk while retaining rich original technical prose."
recommendation-system-design,design,design-products,16.5,"Design: a recommendation system",data/content/m16-products.js,e3b0c44298fc,2,0,3,N/A,"N/A",9,Ved Gupta / AI synthesis,commit:9b59485,1.0,1.0,0.9,0.3,0.2,0.3,LOW,RED,REORGANIZE_INTO_TRACKS_AND_ADD_PROVENANCE,Implementation Agent,2026-10-03,"Requires relocation into new 6-Track competency architecture to eliminate 1:1 Fanout taxonomy risk while retaining rich original technical prose."
chat-and-messaging-system-design,design,design-products,16.6,"Design: chat and messaging",data/content/m16-products.js,e3b0c44298fc,2,0,3,N/A,"N/A",13,Ved Gupta / AI synthesis,commit:9b59485,1.0,1.0,0.9,0.3,0.2,0.3,LOW,RED,REORGANIZE_INTO_TRACKS_AND_ADD_PROVENANCE,Implementation Agent,2026-10-03,"Requires relocation into new 6-Track competency architecture to eliminate 1:1 Fanout taxonomy risk while retaining rich original technical prose."
social-feed-system-design-case-study,design,design-products,16.7,"Design: a social feed",data/content/m16-products.js,e3b0c44298fc,2,0,3,N/A,"N/A",17,Ved Gupta / AI synthesis,commit:9b59485,1.0,1.0,0.9,0.3,0.2,0.3,LOW,RED,REORGANIZE_INTO_TRACKS_AND_ADD_PROVENANCE,Implementation Agent,2026-10-03,"Requires relocation into new 6-Track competency architecture to eliminate 1:1 Fanout taxonomy risk while retaining rich original technical prose."
geospatial-nearby-search-case-study,design,design-products,16.8,"Design: nearby search",data/content/m16-products.js,e3b0c44298fc,2,0,3,N/A,"N/A",10,Ved Gupta / AI synthesis,commit:9b59485,1.0,1.0,0.9,0.3,0.2,0.3,LOW,RED,REORGANIZE_INTO_TRACKS_AND_ADD_PROVENANCE,Implementation Agent,2026-10-03,"Requires relocation into new 6-Track competency architecture to eliminate 1:1 Fanout taxonomy risk while retaining rich original technical prose."
ride-matching-system-design,design,design-operations,17.1,"Design: ride matching",data/content/m17-operations.js,e3b0c44298fc,2,0,3,N/A,"N/A",8,Ved Gupta / AI synthesis,commit:9b59485,1.0,1.0,0.9,0.3,0.2,0.3,LOW,RED,REORGANIZE_INTO_TRACKS_AND_ADD_PROVENANCE,Implementation Agent,2026-10-03,"Requires relocation into new 6-Track competency architecture to eliminate 1:1 Fanout taxonomy risk while retaining rich original technical prose."
video-platform-system-design,design,design-operations,17.2,"Design: a video platform",data/content/m17-operations.js,e3b0c44298fc,2,0,3,N/A,"N/A",11,Ved Gupta / AI synthesis,commit:9b59485,1.0,1.0,0.9,0.3,0.2,0.3,LOW,RED,REORGANIZE_INTO_TRACKS_AND_ADD_PROVENANCE,Implementation Agent,2026-10-03,"Requires relocation into new 6-Track competency architecture to eliminate 1:1 Fanout taxonomy risk while retaining rich original technical prose."
file-sync-system-design,design,design-operations,17.3,"Design: a file sync service",data/content/m17-operations.js,e3b0c44298fc,2,0,3,N/A,"N/A",8,Ved Gupta / AI synthesis,commit:9b59485,1.0,1.0,0.9,0.3,0.2,0.3,LOW,RED,REORGANIZE_INTO_TRACKS_AND_ADD_PROVENANCE,Implementation Agent,2026-10-03,"Requires relocation into new 6-Track competency architecture to eliminate 1:1 Fanout taxonomy risk while retaining rich original technical prose."
observability-slo-case-study,design,design-operations,17.4,"Design: observability and SLOs",data/content/m17-operations.js,e3b0c44298fc,2,0,3,N/A,"N/A",15,Ved Gupta / AI synthesis,commit:9b59485,1.0,1.0,0.9,0.3,0.2,0.3,LOW,RED,REORGANIZE_INTO_TRACKS_AND_ADD_PROVENANCE,Implementation Agent,2026-10-03,"Requires relocation into new 6-Track competency architecture to eliminate 1:1 Fanout taxonomy risk while retaining rich original technical prose."
zero-downtime-database-migration-case-study,design,design-operations,17.5,"Design: a database migration",data/content/m17-operations.js,e3b0c44298fc,2,0,3,N/A,"N/A",12,Ved Gupta / AI synthesis,commit:9b59485,1.0,1.0,0.9,0.3,0.2,0.3,LOW,RED,REORGANIZE_INTO_TRACKS_AND_ADD_PROVENANCE,Implementation Agent,2026-10-03,"Requires relocation into new 6-Track competency architecture to eliminate 1:1 Fanout taxonomy risk while retaining rich original technical prose."
interview-design-instagram,design,design-operations,17.6,"Design: a photo-sharing interview",data/content/m17-operations.js,e3b0c44298fc,2,0,3,N/A,"N/A",8,Ved Gupta / AI synthesis,commit:9b59485,1.0,1.0,0.9,0.3,0.2,0.3,LOW,RED,REORGANIZE_INTO_TRACKS_AND_ADD_PROVENANCE,Implementation Agent,2026-10-03,"Requires relocation into new 6-Track competency architecture to eliminate 1:1 Fanout taxonomy risk while retaining rich original technical prose."
case-instagram-early-architecture,case,company-cases,18.1,"Case: Instagram's first architecture",data/content/m18-company-cases.js,e3b0c44298fc,1,0,3,N/A,"Instagram's first architecture",7,Ved Gupta / AI synthesis,commit:9b59485,1.0,1.0,0.9,0.3,0.2,0.3,LOW,RED,REORGANIZE_INTO_TRACKS_AND_ADD_PROVENANCE,Implementation Agent,2026-10-03,"Requires relocation into new 6-Track competency architecture to eliminate 1:1 Fanout taxonomy risk while retaining rich original technical prose."
case-stripe-idempotency-keys,case,company-cases,18.2,"Case: Stripe's idempotency keys",data/content/m18-company-cases.js,e3b0c44298fc,1,0,3,N/A,"Stripe's idempotency keys",8,Ved Gupta / AI synthesis,commit:9b59485,1.0,1.0,0.9,0.3,0.2,0.3,LOW,RED,REORGANIZE_INTO_TRACKS_AND_ADD_PROVENANCE,Implementation Agent,2026-10-03,"Requires relocation into new 6-Track competency architecture to eliminate 1:1 Fanout taxonomy risk while retaining rich original technical prose."
case-discord-message-storage,case,company-cases,18.3,"Case: how Discord stores trillions of messages",data/content/m18-company-cases.js,e3b0c44298fc,1,0,3,N/A,"how Discord stores trillions of messages",9,Ved Gupta / AI synthesis,commit:9b59485,1.0,1.0,0.9,0.3,0.2,0.3,LOW,RED,REORGANIZE_INTO_TRACKS_AND_ADD_PROVENANCE,Implementation Agent,2026-10-03,"Requires relocation into new 6-Track competency architecture to eliminate 1:1 Fanout taxonomy risk while retaining rich original technical prose."
case-amazon-dynamo,case,company-cases,18.4,"Case: Amazon Dynamo, the paper",data/content/m18-company-cases.js,e3b0c44298fc,1,0,3,N/A,"Amazon Dynamo, the paper",11,Ved Gupta / AI synthesis,commit:9b59485,1.0,1.0,0.9,0.3,0.2,0.3,LOW,RED,REORGANIZE_INTO_TRACKS_AND_ADD_PROVENANCE,Implementation Agent,2026-10-03,"Requires relocation into new 6-Track competency architecture to eliminate 1:1 Fanout taxonomy risk while retaining rich original technical prose."
case-gitlab-database-incident,case,company-cases,18.5,"Case: GitLab’s database incident",data/content/m18-company-cases.js,e3b0c44298fc,0,0,3,N/A,"GitLab’s database incident",5,Ved Gupta / AI synthesis,commit:9b59485,1.0,1.0,0.9,0.3,0.2,0.3,LOW,RED,REORGANIZE_INTO_TRACKS_AND_ADD_PROVENANCE,Implementation Agent,2026-10-03,"Requires relocation into new 6-Track competency architecture to eliminate 1:1 Fanout taxonomy risk while retaining rich original technical prose."